Analysis no.,Strat. Pos.,Eruption,controlcode,Sample,Epoch,Crater size,Date of analysis,Si/bulk cps,SiO2* (EMP),Sc,Rb,Sr,Y,Zr,Nb,Cs,Ba,La,Ce,Pr,Nd,Sm,Eu,Gd,Tb,Dy,Ho,Er,Tm,Yb,Lu,Hf,Ta,Pb,Th,U
1915,63,Astroni 7,1,79,three-b,20,100210am,20.21,59.27,0.14,356,565,29.06,353,63.16,22.42,635,71.94,126.34,13.40,51.09,7.87,1.91,7.32,1.06,5.87,1.11,3.26,0.47,2.80,0.43,7.84,2.96,60.93,35.02,9.20
1916,63,Astroni 7,1,79,three-b,20,100210am,11.92,59.27,0.12,367,477,29.56,359,61.27,25.06,629,73.47,122.56,13.41,50.27,8.62,2.22,7.99,0.98,5.72,1.08,2.27,0.46,3.14,0.46,7.33,3.52,59.89,34.46,10.46
1917,63,Astroni 7,1,79,three-b,20,100210am,17.06,59.27,0.34,293,564,39.45,349,54.17,18.19,769,78.15,144.51,17.93,68.82,13.41,2.78,10.60,1.38,8.33,1.25,3.69,0.61,3.51,0.63,8.43,3.05,49.87,29.22,8.73
1918,63,Astroni 7,1,79,three-b,20,100210am,24.52,59.27,0.27,345,587,34.96,354,61.50,22.02,863,74.70,139.98,15.95,59.54,12.28,2.65,9.40,1.35,6.11,1.24,3.72,0.46,3.04,0.44,8.95,3.08,59.59,30.71,9.79
1919,63,Astroni 7,1,79,three-b,20,100210am,14.35,59.27,0.16,352,593,28.37,331,61.97,21.86,875,72.37,125.19,13.80,51.16,8.40,1.91,6.64,0.92,5.46,1.08,2.68,0.46,2.79,0.41,7.24,2.67,60.70,32.13,9.01
1920,63,Astroni 7,1,79,three-b,20,100210am,17.69,59.27,0.14,337,621,27.42,347,63.13,21.71,933,74.97,129.47,14.15,52.28,9.20,1.80,7.48,0.95,5.43,1.11,3.25,0.48,2.78,0.56,7.33,3.37,59.37,34.26,9.97
1921,63,Astroni 7,1,79,three-b,20,100210am,12.83,59.27,0.14,360,442,30.31,374,64.31,23.91,506,74.42,129.91,14.28,52.71,9.44,1.52,6.76,1.04,6.17,0.83,2.95,0.42,2.96,0.46,8.26,3.44,61.26,36.34,10.41
1922,63,Astroni 7,1,79,three-b,20,100210am,15.10,59.27,0.12,349,442,29.55,377,63.57,23.70,518,75.77,130.38,14.23,53.11,7.74,1.95,7.76,1.00,5.95,1.14,3.12,0.35,2.95,0.50,8.39,3.53,61.60,36.82,10.50
1923,63,Astroni 7,1,79,three-b,20,100210am,18.62,59.27,0.13,366,457,29.91,381,67.50,24.77,527,77.05,130.76,14.25,50.64,8.44,1.79,7.92,1.02,5.20,1.01,2.89,0.65,3.02,0.54,8.79,3.65,65.15,37.71,10.51
1924,63,Astroni 7,1,79,three-b,20,100210am,19.54,59.27,0.15,368,507,31.29,396,66.39,24.11,620,81.10,137.96,15.04,58.31,8.60,1.79,8.48,0.95,4.96,1.26,3.05,0.59,3.04,0.47,8.22,3.45,61.56,37.74,10.90
1925,63,Astroni 7,1,79,three-b,20,100210am,17.83,59.27,0.12,333,452,27.57,361,61.73,21.50,555,71.91,125.43,13.62,50.99,9.01,1.67,6.47,0.89,5.41,1.04,2.81,0.56,2.85,0.42,7.43,2.89,54.99,35.40,9.97
1926,63,Astroni 7,1,79,three-b,20,100210am,16.15,59.27,0.13,427,280,27.09,344,63.23,30.44,301,69.51,118.00,12.59,43.73,7.37,1.58,5.53,1.07,4.69,0.95,2.98,0.51,2.98,0.43,7.03,3.21,132.35,31.80,9.76
1927,63,Astroni 7,1,79,three-b,20,100210am,17.47,59.27,0.12,383,368,30.25,372,66.92,27.44,396,77.26,135.70,14.95,51.66,8.10,2.13,6.87,0.95,5.73,1.10,2.93,0.45,3.29,0.38,7.86,3.60,,36.63,11.09
1928,63,Astroni 7,1,79,three-b,20,100210am,16.62,59.27,0.11,400,388,27.48,349,63.68,27.35,431,70.49,124.18,13.52,46.64,8.72,1.81,6.21,0.70,4.79,1.04,2.84,0.41,2.89,0.32,7.61,3.35,69.64,34.07,10.09
1929,62,Astroni 6,1,78-2,three-b,20,100210pm,16.34,59.11,0.10,337,643,24.89,292,54.28,22.85,1071,69.39,119.38,12.46,44.84,7.81,1.94,7.24,0.78,4.67,1.10,2.45,0.36,2.25,0.41,6.65,2.90,98.34,29.45,9.23
1930,62,Astroni 6,1,78-2,three-b,20,100210pm,20.12,58.86,0.13,308,667,26.09,310,54.83,18.87,1075,70.26,120.18,13.05,48.81,8.11,1.68,5.94,0.87,5.16,1.07,2.60,0.51,2.93,0.39,6.17,3.02,55.54,30.16,8.70
1931,62,Astroni 6,1,78-2,three-b,20,100210pm,16.69,58.86,0.10,323,696,26.36,308,57.39,21.81,1101,69.76,119.36,12.58,48.31,8.80,1.59,6.76,0.78,5.09,0.94,2.02,0.45,2.29,0.46,7.23,2.74,78.82,30.43,8.84
1932,62,Astroni 6,1,78-2,three-b,20,100210pm,17.65,58.86,0.13,310,671,24.51,290,53.74,19.38,1055,65.92,116.50,12.86,46.79,7.25,1.86,6.02,1.00,5.01,1.04,2.87,0.36,2.82,0.32,6.61,2.83,85.46,28.21,8.80
1933,62,Astroni 6,1,78-2,three-b,20,100210pm,18.76,58.86,0.12,295,658,25.46,299,52.77,20.23,996,68.94,118.41,12.72,47.66,8.61,1.63,6.11,0.87,4.80,0.93,2.53,0.37,2.32,0.52,6.36,2.64,74.03,30.46,8.70
1934,62,Astroni 6,1,78-2,three-b,20,100210pm,11.45,58.86,0.12,340,620,23.03,290,55.15,22.31,1041,67.01,127.20,11.88,44.63,8.17,1.90,5.17,1.01,3.76,0.95,2.26,0.33,2.39,0.30,6.28,2.41,77.03,26.94,9.10
1935,62,Astroni 6,1,78-2,three-b,20,100210pm,8.79,58.86,0.12,324,639,26.51,294,51.61,20.23,1025,66.90,115.93,13.08,49.78,8.93,2.34,6.57,1.05,4.85,1.01,2.51,0.33,3.46,0.37,6.07,2.44,46.64,28.30,7.93
1936,62,Astroni 6,1,78-2,three-b,20,100210pm,19.46,58.86,0.12,310,670,24.75,292,54.31,19.84,1072,67.54,117.04,12.27,46.90,7.29,1.84,6.29,0.84,5.05,0.94,2.52,0.48,2.40,0.42,5.55,2.49,83.78,28.55,8.31
1937,62,Astroni 6,1,78-2,three-b,20,100210pm,22.24,58.86,0.11,312,679,25.35,290,55.49,20.00,1096,66.90,120.49,12.27,44.23,8.20,2.03,6.05,0.81,4.89,0.86,2.44,0.44,2.39,0.41,6.23,2.61,61.07,28.77,9.00
1938,62,Astroni 6,1,78-2,three-b,20,100210pm,18.05,58.86,0.13,349,633,29.58,334,54.61,23.18,1025,73.17,121.63,13.32,52.51,7.96,1.76,7.76,1.00,5.46,1.12,3.22,0.54,2.89,0.40,7.21,3.22,63.39,33.92,9.31
1939,62,Astroni 6,1,78-2,three-b,20,100210pm,26.26,58.86,0.12,321,705,26.57,321,56.81,20.92,1135,70.59,124.39,13.52,50.83,10.02,1.93,6.15,0.98,5.18,0.95,2.61,0.47,2.74,0.43,6.72,3.02,61.63,31.29,8.88
1940,62,Astroni 6,1,78-2,three-b,20,100210pm,13.08,58.86,0.07,337,663,23.61,295,57.62,22.06,1106,66.77,121.44,13.02,46.45,7.78,2.01,7.12,0.93,5.07,0.98,2.73,0.31,2.38,0.42,6.06,2.93,56.91,30.09,9.01
1941,62,Astroni 6,1,78-2,three-b,20,100210pm,19.75,58.86,0.11,331,644,25.87,293,55.39,21.74,1054,66.79,115.65,12.29,47.45,7.69,1.75,6.09,0.92,5.48,0.80,2.27,0.41,2.67,0.41,5.52,2.97,74.38,28.06,8.60
1942,62,Astroni 6,1,78-2,three-b,20,100210pm,18.15,58.86,0.14,338,614,26.38,304,54.68,19.84,970,71.07,124.02,13.57,49.41,7.46,1.73,6.93,0.76,5.55,1.08,2.91,0.48,2.88,0.32,6.90,3.05,56.54,30.89,9.24
1943,62,Astroni 6,1,78-1,three-b,20,100210pm,12.34,59.11,0.09,328,700,30.47,348,58.30,22.56,1143,80.98,134.63,15.07,58.13,9.66,2.41,8.24,1.01,5.13,0.98,2.46,0.37,3.14,0.51,8.05,3.11,92.82,36.91,10.67
1944,62,Astroni 6,1,78-1,three-b,20,100210pm,11.94,59.11,0.14,304,754,32.13,354,55.00,19.93,1110,79.06,122.47,13.87,52.78,8.90,1.46,7.17,0.87,5.43,1.25,2.50,0.41,3.38,0.41,8.40,2.69,93.41,34.75,8.69
1945,62,Astroni 6,1,78-1,three-b,20,100210pm,15.21,59.11,0.12,342,712,32.13,355,57.09,21.96,1137,78.32,125.00,14.32,52.43,9.30,2.01,8.27,1.02,5.35,1.20,3.21,0.50,3.00,0.54,7.64,3.02,62.28,34.50,8.95
1946,62,Astroni 6,1,78-1,three-b,20,100210pm,15.79,59.11,0.09,335,616,27.39,332,55.79,21.88,946,69.44,115.12,12.88,48.19,7.82,1.61,5.98,0.92,4.96,0.88,3.07,0.30,2.86,0.47,7.25,2.96,64.89,32.83,8.76
1947,62,Astroni 6,1,78-1,three-b,10,100210pm,7.53,59.11,0.10,334,596,22.41,289,54.78,20.32,945,64.54,112.98,10.97,48.13,8.09,1.62,5.06,0.77,3.66,0.96,1.97,0.46,2.57,0.51,6.37,2.55,56.94,27.99,8.48
1948,62,Astroni 6,1,78-1,three-b,10,100210pm,4.07,59.11,0.12,311,569,23.57,297,45.73,19.56,859,65.42,112.08,11.23,41.99,7.61,1.78,5.78,0.65,4.64,0.76,2.62,0.29,2.44,0.37,6.75,2.33,71.46,27.51,8.21
1949,62,Astroni 6,1,78-1,three-b,10,100210pm,4.41,59.11,0.17,314,652,26.42,300,54.30,19.16,1094,68.13,117.17,13.45,49.74,7.46,1.11,4.12,1.16,3.50,0.85,2.34,0.34,1.33,0.32,6.40,2.91,80.11,29.53,10.20
1950,62,Astroni 6,1,78-1,three-b,10,100210pm,3.99,59.11,0.08,365,650,22.89,333,46.59,23.03,993,62.37,101.30,10.90,42.46,10.22,1.48,4.21,0.53,5.48,1.02,2.83,0.25,2.39,0.70,7.43,1.94,792.10,25.08,7.33
1951,62,Astroni 6,1,78-1,three-b,10,100210pm,3.72,59.11,0.01,338,612,24.14,299,50.58,20.90,886,63.33,107.83,11.11,48.43,8.33,1.40,5.70,0.79,4.94,0.51,3.19,0.34,2.53,0.52,5.96,3.27,64.52,27.80,7.32
1952,62,Astroni 6,1,78-1,three-b,10,100210pm,3.96,59.11,0.22,346,597,25.52,276,44.84,20.68,921,60.83,98.94,10.97,33.96,6.81,0.59,7.40,0.86,4.56,0.51,3.41,0.04,3.26,0.72,5.60,2.65,234.23,25.81,6.69
1953,62,Astroni 6,1,78-1,three-b,20,100210pm,14.72,59.11,0.09,338,769,31.39,356,56.42,23.88,1242,84.32,132.29,14.49,60.80,20.42,2.07,7.05,1.05,4.96,1.20,3.20,0.42,3.28,0.55,8.21,3.18,174.91,35.63,10.05
1954,62,Astroni 6,1,78-1,three-b,10,100210pm,3.46,59.11,0.00,326,677,23.97,305,56.53,19.15,1088,68.26,121.62,10.86,51.04,7.87,1.68,8.91,0.64,7.45,1.11,1.39,0.98,4.16,0.40,5.59,3.09,61.54,28.38,8.87
1955,62,Astroni 6,1,78-1,three-b,10,100210pm,5.92,59.11,0.11,324,499,21.24,303,54.07,21.92,747,66.35,110.38,11.71,41.29,10.33,1.09,5.45,1.03,3.70,0.86,2.85,0.32,2.25,0.37,4.64,2.88,53.82,26.63,8.33
1956,62,Astroni 6,1,78-1,three-b,10,100210pm,3.69,59.11,0.03,365,528,22.68,294,47.98,26.23,879,58.89,102.46,9.66,48.47,4.83,0.41,5.04,0.25,5.56,0.72,3.11,0.05,1.48,0.64,6.99,1.81,78.57,26.86,7.11
1957,62,Astroni 6,1,78-1,three-b,10,100210pm,4.83,59.11,0.08,323,623,21.71,261,50.88,18.23,990,58.38,116.06,11.41,39.69,8.98,1.49,3.53,0.92,2.99,0.99,2.01,0.81,1.82,0.53,5.49,2.10,77.60,24.72,8.08
1958,62,Astroni 6,1,76,three-b,20,040810am,6.99,60.10,0.21,388,463,30.09,376,66.01,27.54,582,79.30,149.98,14.93,50.58,9.18,1.97,9.64,1.09,6.33,1.19,2.88,0.54,4.28,0.35,8.25,3.55,62.97,39.84,18.28
1959,62,Astroni 6,1,76,three-b,20,040810am,9.60,60.07,0.24,364,371,26.70,356,63.42,25.90,352,69.70,133.73,12.78,47.63,9.65,1.87,6.74,0.83,5.06,0.88,2.92,0.45,3.54,0.52,7.20,3.42,65.96,33.15,10.85
1960,62,Astroni 6,1,76,three-b,20,040810am,11.00,59.75,0.26,389,417,29.96,372,61.51,27.43,438,77.10,147.45,14.53,50.91,9.18,1.72,6.74,0.86,5.47,1.17,3.41,0.51,2.61,0.52,7.40,3.35,74.54,35.30,10.86
1961,62,Astroni 6,1,76,three-b,20,040810am,9.19,61.21,0.23,369,291,30.70,452,68.38,29.64,232,79.71,148.41,15.55,48.97,9.99,1.97,7.29,1.05,5.47,0.96,3.12,0.54,3.28,0.59,8.46,3.37,69.51,39.78,11.58
1962,62,Astroni 6,1,76,three-b,20,040810am,5.74,60.27,0.26,339,365,26.77,358,57.71,23.87,379,69.12,121.15,12.07,39.78,7.65,1.44,5.03,0.61,4.98,0.90,3.34,0.39,1.87,0.43,6.32,3.31,48.36,31.22,9.04
1963,62,Astroni 6,1,76,three-b,20,040810am,9.11,60.28,0.25,364,385,31.93,412,60.04,28.59,331,76.43,132.16,16.08,54.80,8.94,1.78,7.41,1.21,5.95,1.09,2.44,0.51,2.88,0.55,8.36,3.35,65.10,39.22,10.55
1964,62,Astroni 6,1,76,three-b,20,040810am,9.66,60.21,0.22,391,390,26.72,339,63.89,26.84,428,71.41,128.89,13.88,45.87,8.31,1.34,7.16,0.97,4.45,1.09,2.87,0.43,2.78,0.32,6.96,2.93,68.61,33.16,11.11
1965,62,Astroni 6,1,76,three-b,20,040810am,8.64,59.72,0.18,336,305,24.46,292,53.84,23.12,269,64.02,113.37,10.97,41.93,8.21,1.25,5.62,0.74,5.56,0.80,2.06,0.39,2.47,0.45,5.92,2.49,54.13,28.34,8.77
1966,62,Astroni 6,1,76,three-b,20,040810am,5.97,59.50,0.21,282,411,32.67,368,67.46,22.04,491,75.95,143.19,13.74,44.40,7.52,0.81,7.56,0.93,4.85,1.09,2.95,0.37,3.38,0.42,5.57,2.98,61.45,33.39,18.45
1967,62,Astroni 6,1,75,three-b,10,110210am,6.28,60.18,0.00,342,403,30.79,389,66.07,25.42,395,79.53,134.60,14.08,50.76,8.48,1.71,7.16,1.03,5.52,1.43,3.55,0.57,3.21,0.55,8.92,3.40,73.12,38.06,12.04
1968,62,Astroni 6,1,75,three-b,10,110210am,5.33,60.18,0.09,383,433,35.94,476,67.32,27.53,383,91.40,151.34,16.89,60.67,8.78,1.79,8.64,1.09,7.01,0.90,3.42,0.50,3.70,0.40,8.81,3.57,112.73,44.35,12.05
1969,62,Astroni 6,1,75,three-b,10,110210am,3.36,60.18,0.21,344,398,31.36,379,58.77,26.66,386,80.61,133.86,15.14,60.79,7.68,1.70,5.88,0.69,4.79,1.33,1.93,0.74,3.80,0.47,8.19,3.23,57.17,37.97,10.51
1970,62,Astroni 6,1,75,three-b,10,110210am,5.88,60.18,0.13,344,618,30.67,376,60.35,25.03,899,74.73,124.73,14.43,54.14,7.43,1.85,7.48,1.13,5.29,0.82,3.67,0.35,2.46,0.66,10.03,3.54,74.06,34.97,9.60
1971,62,Astroni 6,1,75,three-b,10,110210am,5.37,60.18,0.12,355,405,27.99,361,61.40,25.81,438,73.86,126.37,13.19,49.74,9.16,1.63,5.59,0.80,7.82,0.79,2.73,0.48,2.44,0.47,6.23,4.02,78.63,33.67,10.14
1972,62,Astroni 6,1,75,three-b,10,110210am,3.20,60.18,0.15,378,390,31.60,398,60.35,29.88,392,79.70,132.72,14.75,55.46,10.51,1.93,8.36,2.01,7.37,1.22,2.56,0.44,3.65,0.92,10.30,4.44,66.38,38.15,10.29
1973,62,Astroni 6,1,75,three-b,10,110210am,3.93,60.18,0.05,377,374,32.80,439,65.48,25.26,432,85.58,144.83,16.19,52.87,9.73,2.16,8.40,1.32,6.59,0.92,3.87,0.63,2.39,0.64,8.13,3.84,64.18,42.61,10.28
1974,62,Astroni 6,1,75,three-b,10,110210am,5.05,60.18,0.02,359,379,29.06,384,63.25,26.86,377,74.00,130.98,14.28,54.54,8.32,1.25,5.32,0.85,6.84,1.03,3.36,0.51,2.65,0.76,9.47,3.32,72.65,39.16,11.30
1975,62,Astroni 6,1,75,three-b,20,110210am,6.08,60.18,0.07,359,371,28.05,371,66.62,26.36,363,74.01,122.42,13.05,48.60,9.46,1.83,5.99,0.91,5.65,1.00,2.38,0.39,4.08,0.53,7.78,3.03,63.16,33.39,10.30
1976,62,Astroni 6,1,75,three-b,10,110210am,5.31,60.18,0.11,348,406,30.88,405,66.76,26.75,426,81.67,132.14,14.96,49.67,9.01,1.85,7.82,0.80,5.75,1.20,3.37,0.30,2.96,0.69,9.99,3.24,93.47,40.08,11.42
1977,62,Astroni 6,1,75,three-b,10,110210am,6.02,60.18,0.06,358,390,32.42,409,64.18,25.05,349,76.18,133.02,14.12,53.06,10.18,1.27,7.33,0.75,6.39,1.12,2.96,0.65,4.10,0.51,9.28,3.75,72.33,37.71,11.22
1978,62,Astroni 6,1,75,three-b,10,110210am,4.02,60.18,0.01,348,405,33.55,424,68.70,26.28,397,82.68,145.47,14.61,49.77,8.29,1.98,8.39,0.70,7.28,1.08,4.96,0.42,3.32,0.61,9.67,4.01,94.39,38.07,11.23
1979,62,Astroni 6,1,75,three-b,20,110210am,11.17,60.18,0.09,353,372,34.04,422,66.70,24.81,297,80.87,134.07,14.44,51.23,8.83,1.91,7.72,1.14,5.80,0.90,3.09,0.42,4.04,0.44,8.98,3.29,64.29,37.07,9.31
1980,61,Astroni 5,1,73,three-b,20,110210am,9.33,60.19,0.02,360,335,34.32,449,68.01,27.43,282,84.08,143.85,15.86,57.54,10.87,2.25,7.70,1.15,7.40,1.24,3.98,0.74,3.99,0.60,10.58,4.01,66.64,45.32,11.70
1981,61,Astroni 5,1,73,three-b,20,110210am,14.71,60.19,0.11,330,528,31.01,393,64.09,24.06,663,82.15,134.33,14.94,54.37,9.16,1.98,6.82,0.93,4.38,1.31,2.95,0.47,3.67,0.50,8.23,3.83,63.81,39.89,10.30
1982,61,Astroni 5,1,73,three-b,20,110210am,20.02,60.19,0.12,353,334,38.01,491,69.41,25.81,288,90.00,143.52,16.36,62.32,9.62,2.22,9.10,1.09,6.60,1.32,3.90,0.56,3.89,0.62,10.27,4.22,63.95,46.81,11.09
1983,61,Astroni 5,1,73,three-b,20,110210am,16.34,60.19,0.12,346,359,36.38,496,68.43,24.95,345,88.23,145.02,15.37,58.71,10.62,1.80,7.49,1.17,5.72,1.16,4.27,0.64,3.71,0.70,10.17,3.96,99.84,44.28,11.69
1984,61,Astroni 5,1,73,three-b,20,110210am,20.65,60.19,0.11,339,509,32.42,450,70.28,25.38,524,84.74,139.61,14.59,57.57,9.28,2.15,7.35,1.05,6.90,1.10,3.11,0.53,3.64,0.56,10.10,4.15,64.42,44.08,11.30
1985,61,Astroni 5,1,73,three-b,20,110210am,28.67,60.19,0.10,341,525,29.23,379,68.89,25.00,666,81.18,145.27,14.73,55.03,9.45,1.80,7.45,0.90,5.37,0.90,2.88,0.44,2.91,0.49,7.96,3.62,55.29,37.62,11.07
1986,61,Astroni 5,1,73,three-b,20,110210am,12.60,60.19,0.10,364,424,37.04,445,71.58,26.78,494,89.56,155.61,17.50,61.06,12.90,1.92,7.94,1.23,7.64,1.45,3.40,0.50,3.49,0.58,9.62,3.83,68.96,46.83,12.73
1987,61,Astroni 5,1,73,three-b,20,110210am,12.22,60.19,0.11,374,337,32.56,424,68.27,27.86,281,90.15,153.55,16.57,62.10,13.12,1.97,6.84,1.03,6.58,1.42,3.71,0.35,3.59,0.50,11.02,3.82,69.35,43.09,12.54
1988,61,Astroni 5,1,73,three-b,20,110210am,22.57,60.19,0.09,369,319,29.65,397,69.24,27.97,306,79.20,143.76,15.24,54.81,9.00,1.67,7.36,0.97,5.89,1.28,2.76,0.48,3.65,0.47,8.71,3.56,54.10,39.50,12.32
1989,61,Astroni 5,1,73,three-b,20,110210am,12.59,60.19,0.08,373,329,32.36,428,67.11,28.75,309,80.33,139.29,15.52,52.58,8.23,2.06,7.74,0.95,6.24,1.11,3.96,0.47,3.44,0.61,9.77,3.62,67.87,42.25,11.86
1990,61,Astroni 5,1,73,three-b,20,110210am,13.25,60.19,0.08,364,297,31.49,424,71.16,26.66,225,78.74,142.98,15.25,55.27,8.18,1.73,6.63,0.86,5.20,1.05,3.17,0.46,3.02,0.42,8.87,3.88,64.45,41.86,11.74
1991,61,Astroni 5,1,73,three-b,20,110210am,22.67,60.19,0.11,362,360,30.05,406,70.52,29.50,365,81.25,150.89,16.07,55.55,9.86,1.95,7.38,1.00,5.36,1.09,3.29,0.46,3.30,0.48,8.17,3.75,63.28,43.06,12.33
1992,61,Astroni 5,1,73,three-b,10,110210am,7.64,60.19,0.08,390,314,31.23,394,66.92,29.39,300,91.42,164.58,16.87,62.28,13.73,1.80,7.80,1.15,6.10,1.35,4.13,0.82,3.40,0.43,9.29,3.33,70.77,46.70,14.17
1993,61,Astroni 5,1,73,three-b,10,110210am,4.56,60.19,0.08,411,314,26.21,371,65.05,32.64,488,72.27,135.32,13.33,57.26,10.93,1.09,9.65,0.77,4.60,1.06,2.07,0.30,2.72,0.12,9.56,3.88,97.52,34.09,13.29
1994,61,Astroni 5,1,73,three-b,20,110210am,11.31,60.19,0.06,392,352,34.29,445,69.93,27.88,326,86.11,144.10,15.98,60.53,10.60,1.92,9.31,1.23,7.28,1.18,3.39,0.62,4.64,0.65,9.82,3.73,65.67,45.03,12.05
1995,61,Astroni 5,1,73,three-b,20,110210am,16.09,60.19,0.12,389,229,39.50,493,76.64,31.37,169,94.27,154.69,17.42,63.80,11.24,1.54,9.47,1.27,8.53,1.42,3.94,0.66,3.83,0.53,11.45,4.22,68.25,51.11,13.80
1996,60,Astroni 4 ,1,72,three-b,20,100210am,19.69,59.40,0.14,414,248,36.24,492,76.40,31.99,171,91.61,154.90,16.41,63.01,10.96,2.13,8.46,1.15,7.84,1.20,3.85,0.66,4.02,0.55,11.24,4.32,179.08,48.39,13.07
1997,60,Astroni 4 ,1,72,three-b,20,100210am,19.98,59.40,0.15,353,434,28.47,387,63.81,25.31,276,74.13,124.18,13.35,47.05,7.62,1.83,7.14,0.90,4.56,1.02,2.50,0.54,2.85,0.43,8.17,3.69,81.77,37.97,10.69
1998,60,Astroni 4 ,1,72,three-b,20,100210am,22.53,59.40,0.12,384,360,33.26,445,72.55,27.46,266,87.15,149.02,16.29,56.88,10.77,1.91,8.05,0.97,7.45,1.20,3.81,0.52,3.49,0.63,9.87,3.98,232.38,43.40,12.86
1999,60,Astroni 4 ,1,72,three-b,20,100210am,12.90,59.40,0.13,379,344,32.38,436,70.09,26.98,278,83.56,140.13,15.22,50.47,10.56,1.78,8.02,1.16,6.44,1.05,2.99,0.61,3.74,0.55,8.56,4.05,66.84,41.20,11.95
2000,60,Astroni 4 ,1,72,three-b,20,100210am,18.84,59.40,0.13,365,302,32.73,427,69.19,26.38,270,80.08,139.19,14.57,52.79,9.25,1.47,8.29,1.01,6.01,1.11,3.68,0.49,3.21,0.54,10.05,3.79,65.20,40.63,11.67
2001,60,Astroni 4 ,1,72,three-b,20,100210am,14.68,59.40,0.10,401,329,34.71,460,70.26,30.46,258,88.01,148.17,15.60,59.31,9.94,2.35,8.11,1.06,6.84,1.30,3.94,0.58,3.68,0.52,11.45,3.92,113.17,46.10,13.39
2002,60,Astroni 4 ,1,72,three-b,20,100210am,18.61,59.40,0.14,385,357,37.73,477,74.93,28.89,278,92.43,152.41,16.38,61.70,9.94,1.90,9.50,1.23,6.10,1.31,3.89,0.44,4.19,0.64,11.01,4.03,162.59,46.28,12.09
2003,60,Astroni 4 ,1,72,three-b,20,100210am,15.01,59.40,0.15,371,345,38.18,490,70.74,27.56,273,89.25,144.66,15.82,56.62,10.39,1.96,8.51,1.12,7.65,1.33,4.16,0.65,4.03,0.54,10.60,4.25,66.34,45.97,11.92
2004,60,Astroni 4 ,1,72,three-b,20,100210am,21.78,59.40,0.15,376,342,35.98,467,72.69,27.32,277,87.45,149.73,16.44,60.69,10.35,1.99,8.00,1.17,6.72,1.33,4.01,0.68,4.23,0.58,10.64,4.17,65.89,47.12,12.92
2005,60,Astroni 4 ,1,72,three-b,20,100210am,19.30,59.40,0.13,373,320,34.55,439,71.01,27.90,270,83.35,144.40,15.11,56.15,9.55,1.76,8.06,1.03,6.77,1.11,3.80,0.47,3.17,0.51,9.34,3.63,67.02,42.27,11.88
2006,60,Astroni 4 ,1,72,three-b,20,100210am,14.76,59.40,0.11,359,425,33.04,426,65.99,25.34,375,81.77,135.12,15.11,53.39,8.79,2.14,8.55,0.96,5.53,1.13,3.26,0.45,3.51,0.64,9.28,3.85,66.44,43.31,11.72
2007,59,Astroni 3 ,1,82,three-b,20,100210am,5.28,60.31,0.19,368,260,41.44,527,73.04,27.34,151,92.02,150.56,16.37,63.71,10.61,1.86,8.34,1.17,7.57,1.42,3.99,0.62,4.40,0.70,10.30,3.76,65.06,45.28,11.38
2008,59,Astroni 3 ,1,82,three-b,20,100210am,14.44,60.31,0.14,376,215,39.25,512,73.33,28.17,112,85.58,145.90,16.21,58.77,12.07,1.51,9.56,1.17,6.78,1.28,3.75,0.51,3.89,0.58,10.36,4.25,67.91,46.00,11.75
2009,59,Astroni 3 ,1,82,three-b,20,100210am,18.49,60.31,0.15,371,266,37.72,512,75.79,28.13,159,89.56,145.60,16.25,62.65,10.64,1.85,8.76,1.17,6.78,1.32,3.80,0.67,3.74,0.52,10.57,4.08,68.59,46.59,12.47
2010,59,Astroni 3 ,1,82,three-b,20,100210am,9.31,60.31,0.14,391,225,39.33,517,77.28,28.88,121,92.88,149.43,16.96,64.64,11.36,1.68,10.47,1.19,7.32,1.38,4.33,0.89,3.88,0.50,10.04,4.45,66.60,47.02,12.12
2011,59,Astroni 3 ,1,82,three-b,20,100210am,13.23,60.31,0.15,377,242,37.95,509,73.74,28.97,128,90.80,148.63,16.63,62.25,10.78,1.58,8.93,1.34,6.94,1.32,4.67,0.50,3.67,0.61,11.72,4.34,62.70,48.25,12.22
2012,59,Astroni 3 ,1,82,three-b,20,100210am,12.90,60.31,0.13,382,235,34.41,451,70.54,28.02,135,81.08,144.25,15.43,57.42,8.24,1.52,8.60,0.90,6.64,1.31,3.77,0.64,3.49,0.67,9.25,4.14,88.10,43.37,12.89
2013,59,Astroni 3 ,1,82,three-b,20,100210am,15.98,60.31,0.15,370,231,33.92,457,73.59,27.96,129,80.34,144.72,16.62,57.12,10.83,1.31,8.12,0.95,5.54,1.20,2.91,0.59,3.44,0.57,9.32,4.11,71.67,41.70,13.03
2014,59,Astroni 3 ,1,82,three-b,20,100210am,19.77,60.31,0.14,364,321,26.96,376,66.93,24.28,222,70.27,135.19,13.25,45.63,7.91,1.72,6.91,1.00,5.34,0.96,2.73,0.42,2.77,0.45,7.94,3.47,69.60,35.49,12.43
2015,59,Astroni 3 ,1,82,three-b,20,100210am,22.21,60.31,0.15,380,206,35.16,481,78.16,29.01,119,85.54,150.25,16.17,57.03,9.59,1.59,8.00,1.19,6.64,1.21,3.34,0.60,3.70,0.53,10.26,4.35,76.24,44.56,12.80
2016,59,Astroni 3 ,1,82,three-b,20,100210am,18.11,60.31,0.15,373,220,33.42,445,75.82,28.91,124,81.09,146.12,15.93,55.54,10.69,1.60,8.02,0.96,5.35,1.08,3.99,0.58,3.66,0.51,9.59,3.94,72.86,41.95,12.90
2017,59,Astroni 3 ,1,82,three-b,20,100210am,10.91,60.31,0.14,404,282,34.91,471,73.13,29.28,175,83.87,146.92,17.01,57.90,10.63,1.75,9.25,1.32,5.87,1.32,3.45,0.48,3.92,0.58,9.44,3.98,73.81,43.71,13.23
2018,59,Astroni 3 ,1,82,three-b,20,100210am,14.02,60.31,0.14,375,246,34.73,467,75.35,27.87,138,82.24,146.18,16.06,57.32,10.01,1.62,8.22,1.18,7.48,1.46,3.65,0.61,3.29,0.60,10.39,4.08,66.91,45.13,12.13
2019,59,Astroni 3 ,1,82,three-b,20,100210am,13.70,60.31,0.13,367,267,34.73,450,69.86,26.67,151,81.98,139.49,15.01,58.37,9.82,1.62,7.40,1.01,6.99,1.32,4.25,0.61,3.25,0.55,9.99,3.86,62.85,41.32,11.67
2020,59,Astroni 3 ,1,82,three-b,20,100210am,15.22,60.31,0.12,364,249,35.12,462,72.70,26.44,166,83.80,141.46,16.40,59.83,9.63,1.95,8.78,1.08,7.13,1.45,3.31,0.58,3.53,0.61,10.14,4.06,64.79,43.29,11.57
2021,59,Astroni 3,1,80,three-b,20,040810am,25.50,60.88,0.25,369,228,34.72,452,68.99,28.60,145,80.58,149.44,15.96,54.62,10.35,1.55,7.57,1.02,5.92,1.14,3.67,0.53,3.33,0.52,9.34,3.95,66.13,43.36,12.93
2022,59,Astroni 3,1,80,three-b,20,040810am,5.68,60.71,0.30,342,271,38.28,536,79.07,25.13,179,96.26,172.11,17.51,62.25,12.48,2.74,11.02,1.30,8.40,1.44,4.04,0.84,4.00,0.95,11.41,3.46,48.01,49.46,13.00
2023,59,Astroni 3,1,80,three-b,20,040810am,16.97,61.00,0.26,389,244,35.49,473,73.49,31.14,163,87.40,152.64,16.09,56.16,9.34,1.82,9.12,1.17,7.09,1.17,3.53,0.48,3.51,0.64,9.68,4.01,93.92,44.52,12.37
2024,59,Astroni 3,1,80,three-b,20,040810am,13.39,60.64,0.26,387,292,34.12,461,71.74,31.85,225,91.37,160.38,17.70,58.63,9.63,1.81,7.67,0.93,6.72,1.29,4.47,0.54,3.71,0.64,10.57,4.52,77.93,47.38,14.64
2025,59,Astroni 3,1,80,three-b,20,040810am,10.20,60.71,0.17,376,266,33.96,439,67.64,29.36,208,87.23,149.14,16.34,59.29,11.19,1.59,7.69,1.13,6.12,1.21,3.09,0.52,3.46,0.48,8.24,3.63,73.78,41.71,12.43
2026,59,Astroni 3,1,80,three-b,20,040810am,17.57,60.87,0.25,377,240,30.19,400,66.60,28.50,182,74.11,131.47,14.31,43.37,9.91,1.41,6.19,0.88,6.03,1.14,3.59,0.55,2.86,0.44,8.79,3.64,68.06,38.55,11.64
2027,59,Astroni 3,1,80,three-b,20,040810am,11.87,60.16,0.21,392,240,27.83,385,62.61,29.90,198,70.56,129.75,14.01,48.78,8.61,1.61,6.67,0.88,5.01,1.01,3.02,0.26,3.23,0.46,8.04,3.47,72.91,37.03,11.88
2028,59,Astroni 3,1,80,three-b,20,040810am,7.71,60.76,0.24,435,239,34.77,473,70.88,30.01,273,76.85,120.71,17.61,47.11,8.67,1.78,7.26,1.11,6.24,0.91,3.58,0.70,3.31,0.47,11.02,3.84,70.35,40.67,9.80
2029,59,Astroni 3,1,80,three-b,20,040810am,24.15,60.96,0.24,373,237,34.17,463,70.12,28.18,149,83.09,143.90,15.92,53.04,9.76,1.47,7.39,1.04,5.77,1.26,3.65,0.49,3.37,0.57,10.04,3.75,68.02,43.53,12.07
2030,59,Astroni 3,1,80,three-b,20,040810am,19.54,61.01,0.25,364,270,35.05,496,70.00,29.09,159,94.30,164.83,16.86,58.10,11.20,1.80,8.11,1.18,7.26,1.30,3.83,0.53,4.16,0.60,10.14,4.18,69.36,48.25,12.99
2031,59,Astroni 3,1,80,three-b,20,040810am,4.75,60.83,0.16,320,180,30.40,369,57.61,51.49,144,75.65,121.98,13.42,43.27,6.78,0.70,5.45,0.85,6.33,0.92,2.80,0.42,3.84,0.02,6.19,2.93,56.43,29.95,9.20
2032,59,Astroni 3,1,80,three-b,20,040810am,14.39,60.44,0.20,368,248,28.73,377,66.54,28.97,181,70.47,139.41,13.57,47.84,8.20,1.67,8.15,0.78,5.25,1.08,2.72,0.57,3.58,0.45,8.00,3.08,67.56,35.84,12.02
2033,59,Astroni 3,1,80,three-b,20,040810am,16.10,61.00,0.22,408,126,36.74,492,75.36,33.60,59,87.45,156.93,17.16,56.86,9.96,1.60,8.05,1.19,6.27,1.39,3.36,0.60,3.95,0.66,10.26,4.07,77.67,45.72,13.46
2034,59,Astroni 3,1,80,three-b,20,040810am,5.51,61.06,0.17,377,238,19.79,323,57.00,21.18,266,61.73,107.40,12.48,42.24,9.36,0.90,6.13,0.84,4.39,0.87,2.17,0.35,2.66,0.22,8.62,3.11,62.32,31.04,8.91
2035,49,AMS (unit D1),2,51-1,three,20,100210pm,6.35,60.04,0.12,329,504,26.44,331,52.24,21.24,752,66.80,113.37,11.51,42.73,8.31,2.10,6.75,0.86,6.06,0.97,2.98,0.33,3.04,0.13,7.65,3.26,60.03,29.99,9.57
2036,49,AMS (unit D1),2,51-1,three,20,100210pm,14.53,60.04,0.12,326,484,23.67,319,52.44,22.69,789,65.10,121.56,12.51,47.51,8.18,1.51,6.46,1.02,5.84,0.93,3.34,0.44,2.42,0.38,7.44,3.28,61.19,32.05,9.73
2037,49,AMS (unit D1),2,51-1,three,20,100210pm,20.18,60.04,0.14,355,521,26.46,339,56.15,24.11,856,69.84,127.72,13.84,47.44,8.64,2.04,6.17,0.95,4.73,0.98,3.15,0.35,2.72,0.35,7.61,3.18,63.81,33.08,10.83
2038,49,AMS (unit D1),2,51-1,three,20,100210pm,14.46,60.04,0.12,340,486,24.91,323,54.54,24.48,793,64.45,121.35,12.44,45.69,8.00,1.48,6.92,0.76,4.41,1.01,2.85,0.41,3.24,0.41,6.95,3.06,83.62,31.98,10.23
2039,49,AMS (unit D1),2,51-1,three,20,100210pm,13.07,60.04,0.13,322,485,27.03,329,54.38,21.84,779,65.38,117.26,13.00,49.65,7.80,1.72,6.52,0.86,4.60,1.04,2.07,0.32,2.94,0.37,7.91,2.84,61.63,31.84,9.39
2040,49,AMS (unit D1),2,51-1,three,20,100210pm,13.54,60.04,0.11,320,516,24.64,311,49.74,22.04,845,62.01,112.52,11.74,48.26,8.41,1.75,6.13,0.79,3.84,1.03,3.09,0.44,2.97,0.35,6.57,3.01,60.13,30.28,8.81
2041,49,AMS (unit E2),2,56,three,20,100210pm,18.79,60.25,0.12,327,552,27.35,324,57.66,23.18,886,66.47,124.67,12.92,44.93,8.49,1.96,6.14,0.80,5.43,0.92,2.58,0.47,3.12,0.43,7.10,3.18,122.64,33.82,10.43
2042,49,AMS (unit E2),2,56,three,20,100210pm,19.14,60.25,0.13,337,518,27.24,330,54.20,24.61,839,66.09,117.98,12.48,46.91,8.24,1.67,6.35,0.95,5.89,0.95,2.49,0.37,2.94,0.44,7.28,3.32,88.79,33.24,9.81
2043,49,AMS (unit E2),2,56,three,20,100210pm,18.71,60.25,0.16,343,544,29.49,356,58.80,27.83,887,77.12,128.96,14.43,51.59,9.41,2.07,7.43,0.86,5.37,1.13,2.79,0.62,3.42,0.51,8.34,3.70,230.62,38.64,10.19
2044,49,AMS (unit E2),2,56,three,20,100210pm,11.53,60.25,0.12,350,494,25.77,311,52.60,24.94,778,64.63,111.35,11.85,46.18,8.45,1.44,6.52,0.95,4.96,0.88,2.53,0.45,2.91,0.46,6.64,2.68,90.08,29.99,8.72
2045,49,AMS (unit E2),2,56,three,20,100210pm,10.49,60.25,0.12,334,467,24.00,295,52.05,22.99,784,59.94,111.13,12.34,44.08,7.32,1.52,6.25,0.68,3.88,0.79,2.58,0.44,2.70,0.39,6.74,2.49,59.81,30.03,9.78
2046,49,AMS (unit E2),2,56,three,20,100210pm,15.12,60.25,0.18,326,392,23.06,282,45.46,21.34,728,56.08,104.74,10.65,41.51,6.96,1.46,5.89,0.84,4.06,0.86,2.92,0.42,2.25,0.46,5.95,2.61,101.36,26.63,7.83
2047,49,AMS (unit E2),2,56,three,20,100210pm,14.91,60.25,0.12,338,489,27.63,338,53.65,24.77,803,68.87,114.82,12.50,47.24,8.85,1.68,6.82,0.87,4.31,1.04,2.87,0.55,2.70,0.45,7.64,3.07,103.39,33.78,9.69
2048,49,AMS (unit E2),2,56,three,20,100210pm,16.40,60.25,0.15,326,449,25.79,312,51.41,21.78,816,65.87,113.30,12.09,44.29,8.52,1.60,5.75,0.74,4.57,0.86,2.93,0.48,2.81,0.46,7.47,2.61,61.31,31.11,8.77
2049,49,AMS (unit E2),2,56,three,20,100210pm,13.80,60.25,0.14,327,397,26.15,318,53.93,22.24,609,63.37,116.97,12.23,46.30,7.78,1.87,6.73,0.77,4.71,0.89,2.66,0.41,2.69,0.53,7.94,3.12,59.75,31.01,10.54
2050,49,AMS (unit E2),2,56,three,20,100210pm,14.21,60.25,0.15,333,407,25.55,311,52.12,23.48,607,61.39,112.79,11.58,44.01,8.72,1.64,5.83,0.83,4.76,1.20,3.18,0.36,3.09,0.46,6.19,2.74,59.82,30.42,9.14
2051,49,AMS (unit E2),2,56,three,20,100210pm,21.78,60.25,0.13,295,460,20.69,263,47.43,20.35,754,55.73,104.52,10.65,38.68,6.34,1.36,5.83,0.60,4.10,0.80,1.96,0.34,2.41,0.46,5.29,2.42,52.41,27.20,9.22
2052,49,AMS (unit E2),2,56,three,20,100210pm,15.25,60.25,0.13,323,412,22.36,282,50.30,22.07,672,56.24,104.49,10.74,39.32,6.66,1.40,5.66,0.70,4.09,0.73,2.04,0.29,2.60,0.28,6.20,2.46,57.64,26.99,8.75
2053,49,AMS (unit E2),2,56,three,20,100210pm,13.08,60.25,0.13,358,435,24.74,323,56.14,23.82,737,63.35,115.88,12.09,47.19,8.27,1.50,6.41,0.84,4.63,0.92,2.89,0.36,2.98,0.35,6.21,2.97,60.50,31.25,9.98
2054,49,AMS (unit E2),2,56,three,20,100210pm,10.69,60.25,0.15,349,512,23.11,285,52.62,24.19,905,60.10,110.81,11.71,45.09,9.12,1.26,5.85,0.81,4.78,0.77,3.13,0.31,2.17,0.35,6.38,2.71,60.26,29.07,9.27
2055,49,AMS (unit E2),2,56,three,20,100210pm,15.08,60.25,0.12,329,487,23.55,293,52.96,22.76,818,62.08,109.87,10.97,43.88,8.69,1.30,4.99,0.80,4.82,0.91,2.84,0.47,2.53,0.51,6.57,2.54,57.14,29.77,9.52
2056,49,AMS (unit B2),2,53,three,10,100210am,6.14,60.75,0.13,338,289,31.59,411,70.04,27.67,239,77.68,131.30,14.89,51.47,7.97,1.82,7.42,0.91,6.15,1.29,5.05,0.78,4.37,0.69,9.36,4.28,299.97,41.33,13.20
2057,49,AMS (unit B2),2,53,three,10,100210am,3.78,60.75,0.10,366,276,30.78,412,71.31,29.85,237,79.55,119.95,15.19,50.30,10.28,2.24,7.07,1.27,5.00,1.42,3.05,0.16,2.69,0.51,8.95,3.55,77.20,42.45,11.01
2058,49,AMS (unit B2),2,53,three,10,100210am,5.86,60.75,0.08,373,222,23.64,319,64.07,32.26,232,61.89,110.45,13.32,38.52,7.86,1.08,6.06,0.85,5.75,1.22,2.00,0.92,3.06,0.61,7.65,4.34,72.13,31.78,10.84
2059,49,AMS (unit B2),2,53,three,10,100210am,6.20,60.75,0.09,345,483,23.19,316,52.70,24.85,782,61.57,102.92,12.22,45.78,9.53,1.80,8.34,0.83,5.06,0.66,3.50,0.59,2.04,0.30,8.71,3.14,62.37,29.57,8.82
2060,49,AMS (unit B2),2,53,three,20,100210am,15.65,60.75,0.14,353,602,34.25,392,61.05,24.44,975,78.09,127.42,15.65,56.87,10.90,2.26,8.27,0.96,6.70,1.33,3.75,0.53,3.23,0.53,8.77,3.07,84.75,39.30,10.31
2061,49,AMS (unit B2),2,53,three,20,100210am,12.68,60.75,0.13,333,551,30.06,368,57.22,25.42,912,70.11,122.84,13.08,48.27,8.09,1.69,6.37,0.90,6.21,1.22,3.57,0.49,3.10,0.56,8.14,3.01,58.87,34.35,9.72
2062,49,AMS (unit B2),2,53,three,20,100210am,13.91,60.75,0.16,364,585,33.32,379,57.47,27.59,893,76.33,129.60,13.49,54.42,9.91,2.06,7.54,0.84,5.99,1.18,3.34,0.42,3.09,0.40,9.20,3.27,291.19,40.56,10.50
2063,49,AMS (unit B2),2,53,three,10,100210am,6.44,60.75,0.52,303,478,34.05,316,45.53,24.69,739,54.30,100.83,13.33,53.18,12.24,2.15,9.17,1.32,6.66,1.67,2.92,0.51,3.71,0.64,6.52,2.59,208.37,26.18,7.89
2064,49,AMS (unit B2),2,53,three,10,100210am,5.20,60.75,0.22,355,490,26.02,314,53.23,27.09,818,61.24,101.57,12.44,42.66,10.26,2.14,6.54,0.77,4.89,0.93,3.31,0.38,4.24,0.57,8.00,3.24,94.76,30.46,8.89
2065,49,AMS (unit B2),2,53,three,10,100210am,3.25,60.75,0.09,367,507,30.04,343,47.96,21.74,785,65.72,98.73,11.77,47.48,7.55,2.32,5.89,0.73,8.26,1.33,2.42,1.37,4.24,-0.01,8.56,2.36,58.10,29.02,7.86
2066,49,AMS (unit A1),2,52,three,20,110210am,10.76,61.07,0.08,411,319,39.31,534,81.16,32.84,333,92.55,150.41,15.98,57.94,10.28,1.63,8.66,0.95,5.89,0.87,3.64,0.60,3.99,0.64,12.20,5.12,74.96,51.45,13.24
2067,49,AMS (unit A1),2,52,three,20,110210am,24.29,61.07,0.09,313,252,30.64,424,67.16,25.42,225,74.25,133.56,14.33,50.46,7.63,1.38,6.57,1.10,6.18,1.10,3.48,0.49,3.02,0.54,9.53,3.58,56.25,42.52,12.07
2068,49,AMS (unit A1),2,52,three,20,110210am,12.26,61.07,0.10,433,289,41.46,555,90.65,38.35,291,101.31,171.14,18.18,66.33,11.17,1.33,9.33,1.09,8.45,1.58,4.49,0.90,4.50,0.79,12.46,5.58,94.14,56.27,14.94
2069,49,AMS (unit A1),2,52,three,20,110210am,22.23,61.07,0.15,404,356,38.25,531,80.02,32.40,419,94.14,163.68,17.50,62.05,11.70,2.14,8.13,1.22,6.69,1.45,3.46,0.54,3.82,0.63,11.63,4.69,74.95,51.95,14.24
2070,49,AMS (unit A1),2,52,three,20,110210am,14.82,61.07,0.11,381,286,33.17,468,76.52,28.84,273,82.78,146.91,15.58,57.22,10.74,1.40,7.44,1.03,6.16,1.47,4.37,0.58,4.08,0.46,10.43,3.97,69.47,45.27,12.60
2071,49,AMS (unit A1),2,52,three,20,110210am,17.74,61.07,0.13,445,212,52.78,726,121.70,44.02,232,128.30,224.86,23.70,89.13,14.76,1.61,11.18,1.40,10.71,1.90,5.15,0.83,5.51,0.87,15.92,6.49,78.65,78.35,21.79
2072,49,AMS (unit A1),2,52,three,20,110210am,20.14,61.07,0.10,409,266,41.19,561,88.90,35.30,255,100.36,179.35,19.28,69.40,11.78,1.96,9.89,1.05,9.06,1.60,3.66,0.52,4.72,0.65,11.82,4.52,77.50,56.18,16.22
2073,49,AMS (unit A1),2,52,three,20,110210am,18.99,61.07,0.10,452,270,35.65,496,86.28,36.97,268,92.47,159.67,17.69,59.94,10.56,1.89,8.25,1.02,5.30,1.44,3.56,0.57,4.19,0.41,10.19,4.63,87.72,50.87,14.96
2074,49,AMS (unit D1),2,51,three,20,100210pm,11.69,60.18,0.11,317,506,31.14,328,53.54,21.68,788,74.20,141.39,14.09,58.22,8.67,2.01,6.91,0.96,6.90,1.07,3.92,0.61,3.23,0.44,6.87,2.85,60.93,33.44,9.20
2075,49,AMS (unit D1),2,51,three,10,100210pm,4.80,60.18,0.03,352,495,26.58,332,50.48,22.30,768,68.97,115.47,12.64,45.81,9.95,1.61,5.02,0.86,4.45,1.27,2.10,0.42,3.21,0.50,7.16,2.37,78.53,30.20,7.89
2076,49,AMS (unit D1),2,51,three,20,100210pm,13.90,60.18,0.09,305,499,24.56,300,48.41,20.31,819,59.98,111.27,11.35,40.29,8.00,1.60,6.71,0.91,5.43,0.88,2.76,0.52,2.69,0.41,6.71,2.64,59.06,28.79,8.64
2077,49,AMS (unit D1),2,51,three,20,100210pm,11.78,60.18,0.13,322,524,26.06,334,53.17,21.85,831,66.34,113.76,12.35,50.86,7.46,1.73,6.36,1.08,6.52,0.89,2.98,0.33,2.66,0.37,7.99,2.82,56.38,31.89,8.95
2078,49,AMS (unit D1),2,51,three,10,100210pm,6.76,60.18,0.12,353,426,23.11,299,55.67,27.60,653,59.65,112.42,10.71,40.47,6.22,1.25,4.30,0.53,4.46,1.17,2.43,0.42,2.51,0.31,5.19,2.40,90.26,26.34,8.91
2079,49,AMS (unit D1),2,51,three,10,100210pm,5.51,60.18,0.04,348,473,23.57,299,45.64,23.89,734,56.25,106.18,10.36,41.29,7.23,1.88,5.53,0.95,4.68,0.45,2.46,0.55,2.27,0.25,5.45,2.12,57.33,23.41,8.12
2080,49,AMS (unit D1),2,51,three,10,100210pm,5.33,60.18,0.16,355,517,24.80,316,47.79,25.51,828,62.90,115.85,11.78,46.45,7.16,0.94,5.26,1.05,4.45,0.89,3.12,0.43,2.01,0.48,6.06,2.88,66.39,28.60,8.72
2081,49,AMS (unit A2),2,48,three,20,100210am,17.40,60.68,0.17,368,244,39.16,508,84.93,33.79,200,96.35,170.83,18.03,64.29,11.83,1.58,9.86,1.02,7.36,1.38,4.50,0.55,4.98,0.71,11.97,4.44,100.04,50.66,14.16
2082,49,AMS (unit A2),2,48,three,20,100210am,17.74,60.68,0.27,359,303,40.04,455,76.87,32.37,307,79.60,153.80,16.38,62.99,13.22,1.76,9.66,1.34,9.26,1.49,4.13,0.50,3.53,0.56,10.52,3.92,150.67,41.67,14.54
2083,49,AMS (unit A2),2,48,three,20,100210am,14.65,60.68,0.12,386,217,37.52,488,88.36,34.01,224,90.19,160.56,16.60,59.83,11.89,1.46,6.51,1.00,6.29,1.16,3.82,0.81,3.81,0.69,10.98,4.53,175.31,48.43,14.36
2084,49,AMS (unit A2),2,48,three,20,100210am,12.45,60.68,0.20,394,231,43.91,554,75.60,36.68,253,100.75,177.76,19.62,72.81,13.03,1.72,10.55,1.72,8.44,1.34,4.96,0.68,5.18,0.72,11.13,4.23,67.00,57.87,13.07
2085,49,AMS (unit A2),2,48,three,20,100210am,11.37,60.68,0.12,366,394,40.02,625,96.51,28.13,384,103.49,166.05,18.33,63.13,13.77,1.24,7.54,1.21,8.11,1.20,4.33,0.49,3.47,0.72,12.77,4.58,96.95,53.05,16.25
2086,49,AMS (unit A2),2,48,three,10,100210am,5.06,60.68,0.15,351,291,28.38,392,78.59,32.56,341,84.31,158.52,20.82,53.23,9.81,1.31,7.73,0.76,7.14,1.43,3.11,0.61,3.38,0.52,9.92,4.03,316.35,44.98,15.16
2087,49,AMS (unit A2),2,48,three,10,100210am,6.29,60.68,0.06,342,421,29.21,359,59.74,27.78,599,70.54,120.69,14.98,46.48,10.97,1.34,7.99,1.07,5.71,0.84,3.48,0.52,3.54,0.56,8.71,3.67,73.85,37.65,10.92
2088,49,AMS (unit A2),2,48,three,10,100210am,8.32,60.68,0.13,341,283,29.87,399,72.84,28.84,300,77.13,130.16,15.18,57.20,9.13,1.44,6.24,0.83,5.97,1.02,3.73,0.46,4.01,0.61,8.93,4.10,144.04,42.77,12.59
2089,49,AMS (unit A2),2,48,three,10,100210am,7.48,60.68,0.09,353,314,33.97,453,78.52,31.80,315,83.57,142.80,16.24,50.98,7.56,1.50,9.23,0.71,6.36,1.38,5.99,0.76,3.96,0.73,10.34,4.32,71.85,49.95,14.06
2090,49,AMS (unit A2),2,48,three,10,100210am,6.05,60.68,0.16,344,397,31.82,410,80.31,31.46,469,84.71,144.58,16.20,50.79,10.74,0.74,7.77,0.94,6.16,1.22,4.40,1.01,3.82,0.60,10.41,4.67,131.19,43.63,14.13
2091,49,AMS (unit A2),2,48,three,10,100210am,7.32,60.68,0.11,345,295,32.79,419,72.43,30.24,240,86.18,149.11,16.28,56.14,10.04,1.68,6.67,1.12,6.56,1.29,3.84,0.24,3.91,0.49,10.50,4.47,93.61,47.43,14.94
2092,49,AMS (unit A2),2,48,three,10,100210am,4.41,60.68,0.02,377,285,34.94,486,71.07,30.57,232,87.49,138.78,15.96,56.45,11.67,1.76,6.69,0.93,6.46,1.48,4.97,1.00,3.93,0.65,11.36,3.94,109.52,47.43,11.87
2093,47,Paleoastroni 1,1,58,three,20,110210am,18.88,60.80,0.10,361,315,33.55,470,76.91,27.54,387,81.41,147.16,15.57,58.01,9.16,1.71,7.54,1.17,6.85,1.17,3.79,0.55,3.63,0.73,9.29,4.32,68.84,45.19,14.02
2094,47,Paleoastroni 1,1,58,three,20,110210am,28.27,60.80,0.10,387,358,35.24,501,88.56,30.94,446,92.34,165.67,17.50,63.71,10.80,1.88,8.68,1.17,5.70,1.14,3.46,0.61,3.96,0.65,11.74,4.45,68.08,49.63,14.25
2095,47,Paleoastroni 1,1,58,three,20,110210am,17.55,60.80,0.14,361,313,31.87,464,77.30,28.97,418,80.58,147.17,15.46,53.43,10.11,1.36,7.59,1.03,6.80,1.11,3.08,0.53,3.79,0.61,10.49,4.12,65.61,43.76,13.20
2096,47,Paleoastroni 1,1,58,three,20,110210am,27.96,60.80,0.10,380,320,32.04,447,78.74,29.94,404,80.68,154.07,15.51,52.76,9.48,1.68,8.39,1.15,5.57,1.23,3.39,0.49,3.79,0.45,9.51,3.87,68.37,43.75,13.77
2097,47,Paleoastroni 1,1,58,three,20,110210am,12.90,60.80,0.10,368,305,33.58,460,89.09,30.55,279,79.88,153.13,15.88,58.83,9.28,1.87,8.64,0.91,5.74,1.28,4.24,0.43,4.43,0.50,9.87,4.22,67.79,43.65,11.88
2098,47,Paleoastroni 1,1,58,three,20,110210am,17.61,60.80,0.14,412,372,33.50,478,79.38,33.80,444,87.35,161.36,16.70,56.77,10.84,2.20,8.43,1.19,5.83,1.37,3.66,0.48,3.76,0.61,10.08,4.31,79.22,47.26,13.14
2099,47,Paleoastroni 1,1,58,three,20,110210am,16.54,60.80,0.11,369,427,35.43,482,74.19,28.31,555,89.20,153.60,16.73,60.24,11.08,2.17,9.75,1.03,6.23,1.32,3.89,0.56,4.35,0.74,11.63,4.50,79.24,46.61,13.45
2100,47,Paleoastroni 1,1,58,three,20,110210am,16.10,60.80,0.11,376,367,30.69,414,67.65,26.99,468,75.73,139.62,15.05,53.42,10.05,1.46,6.78,0.85,6.05,1.21,3.20,0.23,3.43,0.57,9.57,3.38,66.93,41.92,12.58
2101,47,Paleoastroni 1,1,58,three,20,110210am,19.65,60.80,0.13,378,327,31.41,425,74.89,30.11,403,79.64,146.92,14.80,54.32,8.92,1.34,6.32,0.98,4.72,0.98,3.14,0.61,3.59,0.47,9.70,4.10,83.93,40.57,12.49
2102,47,Paleoastroni 1,1,58,three,20,110210am,18.74,60.80,0.10,382,327,35.64,473,80.79,31.29,342,90.39,166.95,17.20,59.45,11.65,1.84,8.15,1.12,6.37,0.95,3.15,0.36,3.88,0.61,10.46,4.06,98.09,48.41,15.40
2103,47,Paleoastroni 1,1,58,three,20,110210am,18.52,60.80,0.10,377,351,30.45,432,73.70,28.86,490,78.99,143.25,14.96,51.24,9.24,1.44,7.49,1.15,6.06,1.05,3.28,0.52,3.18,0.46,9.91,3.78,71.83,42.41,12.56
2104,47,Paleoastroni 1,1,58,three,20,110210am,22.71,60.80,0.21,343,574,33.13,388,62.56,25.58,989,73.82,138.70,14.43,55.43,8.26,1.87,6.97,0.97,6.37,1.27,3.13,0.56,3.17,0.52,8.92,3.50,62.19,38.13,10.74
2105,47,Paleoastroni 1,1,58,three,20,110210am,18.61,60.80,0.11,392,296,30.77,426,74.77,30.37,300,78.47,149.11,14.98,53.16,8.60,1.53,6.61,0.78,5.31,1.17,3.58,0.50,3.27,0.57,9.18,3.80,70.64,42.59,12.97
2106,47,Paleoastroni 1,1,58,three,10,110210am,5.88,60.80,0.12,388,350,25.48,382,69.44,27.83,447,71.22,136.98,12.76,48.65,7.28,1.89,6.57,1.46,5.06,0.91,2.34,0.51,2.51,0.52,9.05,3.08,107.11,34.20,13.43
2107,44,Agnano 3,3,106,three,20,030810pm,10.86,60.64,0.21,369,319,36.44,506,71.58,29.79,402,88.01,136.60,18.53,60.15,10.29,1.26,7.40,1.04,6.61,1.22,3.41,0.51,3.72,0.65,9.60,3.75,58.60,42.95,12.66
2108,44,Agnano 3,3,106,three,20,030810pm,18.77,61.38,0.24,399,304,35.85,495,78.50,34.24,420,92.05,160.15,18.04,58.94,10.64,1.45,6.42,1.10,6.58,1.36,3.47,0.61,4.45,0.54,11.72,4.75,64.90,48.35,14.58
2109,44,Agnano 3,3,106,three,20,030810pm,10.95,60.87,0.31,378,363,38.81,410,59.15,27.83,653,93.88,135.95,17.51,58.80,10.28,1.83,11.27,1.37,7.39,1.38,3.31,0.67,3.88,0.55,9.66,3.38,72.90,40.83,9.79
2110,44,Agnano 3,3,106,three,20,030810pm,18.49,61.04,0.28,411,314,34.92,492,77.82,35.49,422,90.51,156.78,16.75,58.25,9.82,1.43,7.12,1.27,6.38,1.37,3.38,0.54,3.39,0.61,11.08,4.33,72.43,45.42,14.33
2111,44,Agnano 3,3,106,three,20,030810pm,13.32,60.79,0.25,393,320,33.44,492,77.24,32.64,448,82.91,151.20,16.51,59.47,9.53,1.59,8.81,1.05,5.35,1.28,3.76,0.80,3.44,0.62,12.84,4.06,59.62,45.19,14.02
2112,44,Agnano 3,3,106,three,20,030810pm,10.68,59.68,0.20,342,396,29.84,398,57.30,26.71,608,74.20,127.56,12.44,49.10,7.62,1.45,8.18,1.21,4.78,0.89,3.61,0.33,3.43,0.45,6.42,3.29,53.92,33.53,10.42
2113,44,Agnano 3,3,106,three,20,030810pm,19.31,61.16,0.25,402,346,38.85,573,82.25,33.51,434,99.86,166.14,18.58,67.48,12.79,1.69,9.92,1.34,7.16,1.49,4.85,0.60,4.06,0.75,13.74,4.56,64.49,51.64,15.04
2114,44,Agnano 3,3,106,three,20,030810pm,13.35,59.82,0.26,358,409,33.30,436,58.92,26.42,601,76.95,137.61,13.96,57.74,8.80,1.64,7.29,0.93,6.08,1.65,3.00,0.59,4.14,0.52,8.88,3.51,54.65,39.96,10.68
2115,44,Agnano 3,3,106,three,20,030810pm,11.48,60.68,0.23,322,264,45.85,411,56.75,24.76,183,102.88,140.05,16.85,55.71,13.64,2.28,10.08,1.30,7.46,1.49,4.60,0.53,4.71,0.59,9.96,2.82,71.53,38.37,10.54
2116,44,Agnano 3,3,106,three,20,030810pm,13.64,60.68,0.30,390,352,37.78,518,69.90,30.65,474,88.51,148.60,16.93,54.60,10.38,1.92,9.96,1.14,7.15,1.38,3.85,0.75,4.43,0.58,11.09,4.10,64.55,44.01,13.19
2117,44,Agnano 3,3,106,three,20,030810pm,10.20,61.41,0.27,366,331,40.14,366,52.78,26.30,238,84.35,145.31,17.31,62.87,11.39,2.28,8.58,1.49,8.82,1.66,3.56,0.47,3.00,0.70,7.90,3.08,67.01,30.78,9.24
2118,41,Averno 1,4,87,three,20,030810pm,13.17,60.57,0.09,357,496,30.91,365,61.67,25.33,823,76.84,139.25,14.74,54.97,7.86,1.82,8.26,0.80,4.68,1.10,3.07,0.78,3.68,0.54,7.76,3.27,57.34,40.72,11.00
2119,41,Averno 1,4,87,three,20,030810pm,16.18,60.57,0.14,418,359,31.85,438,73.95,30.62,516,85.32,157.67,15.27,59.04,11.93,1.60,7.48,1.37,4.62,1.10,3.35,0.39,3.88,0.62,9.85,3.86,95.85,46.92,14.42
2120,41,Averno 1,4,87,three,20,030810pm,17.97,60.57,0.15,404,262,33.32,482,79.02,34.62,310,92.34,177.96,18.06,60.62,9.82,1.68,7.48,1.29,6.18,1.41,3.87,0.73,3.31,0.60,11.14,4.25,112.91,52.19,15.21
2121,41,Averno 1,4,87,three,20,030810pm,16.97,60.57,0.22,384,386,30.62,404,67.40,29.10,579,75.14,142.72,15.90,52.45,8.54,1.99,7.60,0.73,5.32,1.24,2.96,0.43,3.42,0.41,9.93,3.76,70.26,39.15,13.06
2122,41,Averno 1,4,87,three,20,030810pm,15.49,60.57,0.22,389,346,37.62,476,77.39,29.77,434,92.31,160.66,15.39,64.67,10.17,1.85,8.26,1.34,6.91,1.34,4.39,0.59,2.99,0.49,13.50,4.25,65.37,45.14,13.27
2123,41,Averno 1,4,87,three,20,030810pm,16.40,60.57,0.19,382,300,34.82,476,78.91,29.72,358,87.48,167.59,16.84,57.35,11.56,1.61,10.52,1.15,6.56,1.25,4.28,0.54,3.88,0.55,10.95,4.76,60.86,46.99,15.34
2124,41,Averno 1,4,87,three,20,030810pm,18.77,60.57,0.18,397,360,31.64,438,74.92,30.12,490,80.72,156.83,16.05,56.52,8.85,1.34,6.45,1.15,6.02,1.01,2.89,0.54,3.26,0.58,10.04,4.44,63.06,42.85,13.71
2125,41,Averno 1,4,87,three,20,030810pm,12.09,60.57,0.19,386,368,33.99,440,68.34,29.93,480,82.55,148.16,15.36,54.67,8.92,1.83,5.69,1.40,5.55,1.36,3.83,0.76,3.13,0.51,10.22,4.19,66.10,42.97,13.65
2126,41,Averno 1,4,87,three,20,030810pm,10.44,60.57,0.18,377,402,30.96,417,62.50,26.93,657,77.04,141.31,14.94,52.23,9.23,1.31,7.46,1.00,6.65,1.16,4.46,0.41,2.52,0.76,9.25,3.56,54.87,41.18,11.09
2127,41,Averno 1,4,87,three,20,030810pm,12.12,60.57,0.18,371,437,32.07,399,64.88,27.42,742,79.61,143.51,16.52,59.73,11.78,1.56,7.13,0.92,6.02,0.91,3.47,0.42,4.69,0.75,9.84,3.34,69.71,38.86,11.50
2128,35,Pigna San Nicola,5,103,two,20,030810pm,15.95,61.11,0.27,360,284,35.57,429,64.32,31.99,248,94.25,153.83,17.95,60.96,12.16,2.06,10.15,1.05,6.62,1.20,3.82,0.66,4.08,0.58,8.88,3.09,77.69,40.66,10.99
2129,35,Pigna San Nicola,5,103,two,20,030810pm,20.42,61.39,0.26,376,370,37.59,418,67.78,29.10,325,101.36,168.77,20.70,77.11,11.69,1.84,10.14,1.23,7.73,1.45,3.77,0.47,6.73,0.63,9.95,3.89,74.26,40.60,11.17
2130,35,Pigna San Nicola,5,103,two,20,030810pm,11.29,61.57,0.25,353,388,36.65,429,60.15,24.95,288,92.74,137.55,17.24,64.64,11.08,1.74,10.27,1.12,7.51,1.20,3.33,0.65,4.31,0.78,11.68,3.45,65.99,38.81,9.35
2131,35,Pigna San Nicola,5,103,two,20,030810pm,13.52,61.47,0.28,361,254,35.90,443,61.34,26.11,155,94.39,158.74,17.23,66.50,9.95,1.70,9.23,1.20,6.69,1.32,3.83,0.40,3.71,0.58,10.63,3.41,64.58,41.42,10.83
2132,35,Pigna San Nicola,5,103,two,20,030810pm,14.09,61.32,0.22,359,247,37.02,417,63.01,26.00,165,91.24,150.59,17.23,63.31,11.54,2.14,9.30,1.13,6.41,1.56,4.21,0.65,4.19,0.46,9.90,3.87,68.48,43.76,10.64
2133,35,Pigna San Nicola,5,103,two,20,030810pm,18.84,61.53,0.31,361,268,34.96,413,66.19,28.34,173,88.94,155.67,17.59,62.47,12.26,1.88,8.97,1.21,6.22,1.40,3.62,0.43,4.15,0.69,8.65,3.79,87.28,39.88,11.82
2134,35,Pigna San Nicola,5,103,two,20,030810pm,15.45,61.65,0.24,368,261,43.08,501,66.19,28.42,136,103.35,167.99,19.24,68.32,12.87,2.49,8.97,1.12,6.89,1.65,4.45,0.49,3.86,0.75,10.34,3.88,69.84,46.54,11.83
2135,35,Pigna San Nicola,5,103,two,20,030810pm,13.65,61.18,0.31,331,261,38.06,454,56.83,26.64,133,89.47,150.35,17.38,64.00,10.84,1.70,10.07,1.25,8.10,1.42,3.85,0.53,3.47,0.67,9.65,3.30,61.45,41.11,10.81
2136,35,Pigna San Nicola,5,103,two,20,030810pm,22.67,61.39,0.27,328,369,36.51,429,62.86,24.99,258,87.17,167.06,18.78,59.88,10.75,2.18,8.65,1.18,6.63,1.33,3.86,0.63,3.98,0.51,9.12,3.75,106.51,41.04,10.81
2137,35,Pigna San Nicola,5,103,two,20,030810pm,13.03,61.25,0.25,322,211,31.83,381,60.36,25.64,115,75.40,130.14,15.40,52.73,8.76,1.91,8.57,1.01,6.32,1.12,3.84,0.55,3.21,0.55,7.77,3.02,57.35,31.74,8.91
2138,35,Pigna San Nicola,5,103,two,20,030810pm,9.89,61.30,0.27,349,300,38.65,464,60.23,25.25,185,89.44,167.06,18.45,64.86,11.02,1.80,10.98,1.37,7.78,1.31,4.48,0.87,5.22,0.61,9.91,3.96,67.47,42.56,10.85
2139,35,Pigna San Nicola,5,103,two,20,030810pm,11.25,61.45,0.28,344,221,34.93,414,57.39,25.67,109,83.70,147.77,16.84,59.87,12.32,2.12,7.64,1.36,5.62,1.37,3.62,0.56,3.54,0.65,10.17,3.27,65.45,39.41,11.24
2140,35,Pigna San Nicola,5,103,two,20,030810pm,16.43,61.03,0.30,350,395,36.68,467,64.05,26.73,263,91.79,158.80,18.23,61.51,12.48,2.29,8.96,1.27,7.80,1.27,3.65,0.80,4.48,0.81,10.32,3.93,75.40,43.35,11.38
2141,35,Pigna San Nicola,5,103,two,20,030810pm,8.25,61.16,0.23,319,249,36.55,449,60.69,25.61,125,89.75,154.08,16.93,62.12,10.00,1.61,9.48,1.14,8.05,1.72,4.32,0.36,4.04,0.67,8.38,3.17,56.47,39.87,10.37
2142,32,Fondi di Baia,6,88,two,20,030810pm,15.10,62.41,0.33,357,36,36.45,469,65.62,31.63,0.00,93.31,151.14,16.76,58.32,11.42,2.18,9.00,1.06,7.42,1.42,4.36,0.53,3.73,0.56,11.02,3.88,78.73,44.61,12.92
2143,32,Fondi di Baia,6,88,two,20,030810pm,11.45,62.41,0.23,369,25,44.56,588,83.03,31.07,2.02,111.02,178.60,19.77,70.05,13.04,1.63,10.64,1.45,8.31,1.28,4.88,0.83,4.65,0.74,12.05,4.85,69.21,56.11,15.55
2144,32,Fondi di Baia,6,88,two,20,030810pm,15.97,62.41,0.25,469,14,58.93,701,109.56,45.18,1.64,140.20,246.60,26.87,93.12,14.24,1.74,12.83,1.82,9.40,2.01,6.53,0.91,6.25,0.85,15.17,6.26,89.10,71.88,20.55
2145,32,Fondi di Baia,6,88,two,20,030810pm,12.26,62.41,0.28,368,27,42.63,539,77.35,24.83,2.46,116.59,190.59,19.78,75.40,12.45,1.77,10.95,1.25,7.73,1.33,3.36,0.58,4.20,0.69,12.73,4.60,68.53,59.45,14.48
2146,32,Fondi di Baia,6,88,two,20,030810pm,7.55,62.41,0.37,532,53,73.72,920,121.57,53.88,27.05,169.55,322.64,32.49,111.98,22.26,2.14,16.71,2.27,16.29,2.44,7.50,0.93,9.21,1.27,23.55,7.37,117.38,92.62,26.23
2147,32,Fondi di Baia,6,88,two,20,030810pm,11.00,62.41,0.29,410,16,54.98,704,98.34,34.37,3.68,126.43,206.98,22.40,86.35,12.79,1.33,11.63,1.47,9.22,1.83,5.51,0.77,5.70,1.03,16.53,5.57,72.52,68.30,18.41
2148,32,Fondi di Baia,6,88,two,20,030810pm,15.17,62.41,0.27,473,12,56.87,711,112.50,43.50,0.00,136.93,235.67,25.20,92.93,13.11,1.53,13.28,1.53,10.92,2.08,5.15,0.89,5.58,1.04,15.09,6.02,78.40,69.66,19.97
2149,32,Fondi di Baia,6,88,two,20,030810pm,8.37,62.41,0.35,517,28,72.73,851,114.55,47.74,2.37,162.07,281.85,29.53,111.56,20.22,1.51,17.52,2.02,13.68,2.72,7.06,0.97,7.57,1.09,19.11,7.49,134.43,90.14,22.71
2150,32,Fondi di Baia,6,88,two,20,030810pm,15.00,62.41,0.23,353,32,49.85,679,96.41,24.10,0.46,119.98,197.91,21.56,74.52,13.09,2.07,10.19,1.39,8.45,1.87,5.03,0.54,4.81,0.87,16.88,5.85,74.38,65.82,18.56
2151,32,Fondi di Baia,6,88,two,20,030810pm,8.93,62.41,0.27,387,18,38.69,524,76.66,30.60,0.29,101.25,163.85,17.45,69.66,12.27,1.57,8.60,1.13,7.56,1.80,3.61,0.62,4.53,0.76,11.76,4.57,64.27,47.40,12.35
2152,32,Fondi di Baia,6,88,two,20,030810pm,9.35,62.41,0.23,456,17,55.08,673,102.82,41.33,4.43,125.26,218.15,22.83,84.67,13.16,1.47,10.52,1.80,10.47,1.68,5.55,0.90,6.24,0.63,13.68,5.18,78.48,61.37,17.83
2153,32,Fondi di Baia,6,88,two,20,030810pm,15.01,62.41,0.30,457,13,55.07,710,107.10,42.40,0.00,133.44,227.71,24.71,92.08,15.22,1.70,12.36,1.66,10.59,1.81,6.19,0.79,5.60,0.95,15.07,6.24,86.09,67.17,19.50
2154,32,Fondi di Baia,6,88,two,20,030810pm,8.08,62.41,0.25,462,15,68.83,802,107.29,41.12,0.00,149.38,240.96,26.70,98.13,16.70,1.53,14.45,2.10,11.73,1.82,6.39,1.08,6.99,1.08,17.12,5.76,81.41,74.83,18.70
2155,32,Fondi di Baia,6,88,two,20,030810pm,7.00,62.41,0.23,508,,54.06,659,105.26,47.34,2.21,123.70,210.00,23.15,76.98,13.03,0.99,8.61,1.50,8.42,2.02,6.21,0.50,5.37,0.78,12.86,4.89,78.52,53.71,14.95
2156,32,Fondi di Baia,6,88,two,20,030810pm,14.00,62.41,0.29,407,10,53.39,677,116.96,36.52,0.00,128.43,234.61,25.85,87.43,14.99,1.35,13.35,1.64,9.18,1.83,6.00,0.98,6.72,0.89,14.22,6.15,92.15,68.98,21.44
2157,32,Fondi di Baia,6,88,two,20,030810pm,14.35,62.41,0.28,434,22,60.27,734,117.05,35.63,0.35,143.29,244.11,25.79,91.58,15.98,1.52,11.87,1.63,9.31,2.02,6.90,0.88,5.41,1.04,16.87,6.38,77.40,73.01,21.36
2158,32,Fondi di Baia,6,88,two,20,030810pm,17.54,62.41,0.26,411,18,57.71,747,113.04,36.28,0.72,134.00,236.09,24.43,89.36,14.68,1.55,12.90,1.65,9.95,1.79,5.53,0.93,5.93,0.98,17.02,6.03,77.20,73.74,21.23
2159,24,Pisani 2,7,26,one,20,030810pm,23.28,56.30,0.37,261,748,23.95,219,34.76,15.48,1478,53.41,96.84,12.06,43.16,8.15,2.15,6.96,0.81,5.14,0.88,2.95,0.38,2.50,0.46,5.72,2.22,43.11,19.14,7.17
2160,24,Pisani 2,7,26,one,20,030810pm,27.16,56.99,0.32,295,791,26.26,242,38.98,17.73,1609,59.78,111.32,12.77,48.77,9.76,2.16,7.33,0.83,5.73,1.06,3.07,0.36,2.62,0.38,6.00,2.23,53.36,21.89,6.82
2161,24,Pisani 2,7,26,one,20,030810pm,10.46,56.88,0.32,294,610,28.84,243,36.99,16.46,1211,55.16,90.65,12.34,44.02,7.79,2.17,8.55,0.93,7.29,1.00,2.98,0.39,3.05,0.52,5.68,2.45,47.74,22.63,5.15
2162,24,Pisani 2,7,26,one,20,030810pm,9.18,57.34,0.33,265,743,23.93,224,34.63,14.06,1345,47.73,92.31,10.70,42.17,7.25,1.11,6.62,0.91,3.52,0.59,3.62,0.36,2.17,0.28,4.30,1.64,37.06,19.58,5.05
2163,24,Pisani 2,7,26,one,20,030810pm,25.62,56.64,0.31,298,723,23.97,224,37.96,18.10,1474,53.90,102.02,11.75,44.07,8.10,1.72,6.51,0.83,4.94,0.77,2.50,0.39,2.37,0.41,4.67,1.95,65.32,19.92,6.02
2164,24,Pisani 2,7,26,one,20,030810pm,8.72,58.28,0.33,300,742,25.96,263,39.03,16.86,1419,58.30,106.43,13.01,43.95,8.72,2.51,7.18,0.93,5.35,1.04,3.23,0.49,2.97,0.44,6.00,1.83,43.40,22.56,5.67
2165,24,Pisani 2,7,26,one,20,030810pm,11.10,56.88,0.34,296,776,27.11,238,37.52,16.53,1501,58.62,109.54,11.91,47.62,10.48,2.30,6.64,0.87,7.21,1.12,3.54,0.52,3.24,0.37,5.56,2.40,45.48,22.75,6.05
2166,24,Pisani 2,7,26,one,20,030810pm,12.39,56.22,0.31,349,609,24.22,230,38.11,16.93,1196,50.09,83.93,11.82,39.56,9.56,1.47,6.19,0.95,5.63,0.89,2.34,0.36,2.23,0.21,6.50,1.95,46.86,21.35,5.70
2167,24,Pisani 2,7,26,one,20,030810pm,15.44,57.11,0.31,304,692,25.12,227,36.05,17.73,1434,54.93,104.74,11.70,41.25,7.07,2.07,6.14,0.80,5.57,0.88,3.13,0.27,2.53,0.47,5.15,2.02,46.60,19.36,6.80
2168,24,Pisani 2,7,26,one,20,030810pm,3.94,58.08,0.35,255,623,28.40,214,31.90,13.20,1266,47.65,90.14,10.49,39.53,8.59,1.41,4.90,0.83,4.23,0.81,1.31,0.35,1.00,0.53,5.95,1.64,31.40,16.23,3.59
2169,24,Pisani 2,7,26,one,20,030810pm,7.79,57.25,0.31,311,766,28.44,269,38.80,17.05,1468,61.41,106.64,12.73,46.79,7.71,1.87,7.98,0.94,4.66,1.36,3.35,0.28,2.92,0.24,6.79,2.07,45.26,22.17,5.68
2170,24,Pisani 2,7,26,one,20,030810pm,12.89,57.55,0.32,300,685,27.32,227,39.08,16.67,1465,55.28,108.79,12.36,44.78,7.90,2.11,8.25,0.78,6.14,1.00,2.05,0.43,2.39,0.21,5.03,2.08,47.10,22.12,6.69
2171,24,Pisani 2,7,26,one,20,030810pm,10.09,57.52,0.30,308,589,25.68,235,36.11,16.88,1229,53.30,121.78,12.95,40.69,9.11,2.02,7.26,0.68,5.14,0.79,2.53,0.22,2.94,0.31,5.20,2.01,50.63,20.08,5.14
2172,24,Pisani 2,7,26,one,20,030810pm,8.76,57.52,0.26,294,744,27.03,246,36.58,17.07,1251,56.33,95.15,11.16,49.83,10.43,1.59,6.28,0.97,5.94,0.79,3.17,0.69,2.02,0.50,5.30,1.49,45.64,19.91,5.64
2173,24,Pisani 2,7,26,one,20,030810pm,12.32,57.55,0.32,315,757,26.46,260,36.31,17.72,1581,56.75,106.99,12.93,48.45,7.65,2.31,6.30,1.23,5.53,1.22,2.26,0.46,3.14,0.36,5.95,2.28,51.69,22.48,6.82
2174,23,Pisani 1,7,25-1,one,20,040810am,15.00,55.93,0.31,272,809,29.26,244,33.84,15.38,1413,56.59,107.93,13.38,46.07,9.83,2.40,7.60,1.04,4.85,1.09,2.09,0.38,3.65,0.33,5.70,1.77,52.90,21.62,6.08
2175,23,Pisani 1,7,25-1,one,20,040810am,15.74,55.93,0.33,254,778,29.57,239,32.93,14.88,1376,56.29,102.93,11.84,46.26,11.87,2.16,8.06,0.98,6.78,1.02,2.77,0.45,2.57,0.60,5.58,1.83,51.93,19.83,5.63
2176,23,Pisani 1,7,25-1,one,20,040810am,13.05,55.93,0.29,275,729,28.91,232,33.88,14.37,1325,54.90,105.80,11.87,46.34,7.57,1.81,8.43,1.17,5.43,1.10,2.47,0.73,2.96,0.49,6.46,1.94,48.38,20.28,5.80
2177,23,Pisani 1,7,25-1,one,20,040810am,13.91,55.93,0.35,260,858,28.07,245,34.84,14.57,1497,57.44,112.02,12.91,48.29,10.51,1.87,9.74,0.76,6.70,1.55,2.70,0.53,3.92,0.57,6.34,2.15,47.52,20.73,5.86
2178,23,Pisani 1,7,25-1,one,20,040810am,7.91,55.93,0.27,277,725,33.80,220,33.85,14.91,1226,61.95,99.05,13.00,58.66,12.73,2.05,7.97,0.92,11.99,2.48,2.78,0.35,1.96,0.40,6.21,1.61,62.92,24.27,5.18
2179,23,Pisani 1,7,25-1,one,20,040810am,17.25,55.93,0.38,261,800,29.21,263,34.04,15.50,1424,58.68,111.17,12.25,49.07,9.21,2.31,9.54,0.95,6.62,1.19,3.49,0.55,3.27,0.59,6.09,2.31,47.96,22.92,6.78
2180,23,Pisani 1,7,25-1,one,20,040810am,11.89,55.93,0.32,283,811,28.74,253,34.95,15.39,1343,58.35,104.31,12.01,45.66,9.73,1.60,7.34,0.89,6.80,1.35,2.83,0.54,3.20,0.48,6.25,2.01,51.33,21.20,6.32
2181,23,Pisani 1,7,25-1,one,20,040810am,9.61,55.93,0.37,280,761,27.85,229,30.81,14.97,1331,53.41,102.09,12.24,39.04,9.59,2.31,8.01,0.99,6.35,1.15,2.21,0.37,2.79,0.28,5.44,1.68,51.70,19.30,5.93
2182,23,Pisani 1,7,25-1,one,20,040810am,11.10,55.93,0.32,276,797,31.96,254,33.77,15.97,1437,56.82,110.83,12.93,51.38,12.93,1.48,9.19,1.12,7.95,1.25,4.43,0.45,3.08,0.27,5.97,2.10,54.36,22.40,6.36
2183,23,Pisani 1,7,25-1,one,20,040810am,13.16,55.93,0.33,259,790,29.20,242,31.08,13.93,1366,56.23,105.72,11.61,46.86,11.01,2.36,9.11,0.82,7.18,1.46,3.12,0.72,3.52,0.65,6.69,1.57,49.02,20.03,6.06
2184,23,Pisani 1,7,25-1,one,20,040810am,12.86,55.93,0.31,302,891,29.96,253,40.13,17.48,1576,63.02,142.81,13.65,51.82,9.66,2.78,9.46,1.23,5.64,1.17,3.13,0.57,2.92,0.53,5.69,2.46,69.75,23.65,7.64
2185,23,Pisani 1,7,25-1,one,20,040810am,15.25,55.93,0.31,272,851,31.39,251,36.83,14.72,1482,60.16,112.52,13.29,55.87,7.70,2.60,8.62,1.18,7.24,1.18,2.90,0.54,2.41,0.49,5.55,2.34,50.33,22.24,6.68
2186,23,Pisani 1,7,25-1,one,20,040810am,15.86,55.93,0.37,277,909,34.59,272,38.30,15.54,1520,65.40,138.26,13.67,54.59,9.46,2.78,10.16,1.49,6.84,1.57,3.29,0.28,3.52,0.54,7.00,2.43,56.60,24.95,7.36
2187,23,Pisani 1,7,25-1,one,20,040810am,15.22,55.93,0.34,278,826,30.06,238,35.95,14.78,1500,58.74,112.52,11.52,50.83,9.36,1.82,7.53,1.13,8.45,1.03,3.40,0.55,2.57,0.54,5.69,2.34,81.20,21.70,6.69
2188,23,Pisani 1,7,25-1,one,20,040810am,7.82,55.93,0.33,286,803,32.04,235,32.00,16.47,1336,56.20,105.66,11.59,51.05,9.80,2.18,7.57,0.73,5.73,1.31,3.16,0.54,2.87,0.70,6.66,1.98,66.12,19.49,27.39
2189,23,Pisani 1,7,25,one,20,030810pm,9.39,55.93,0.35,246,722,28.58,238,36.13,13.11,1184,58.95,107.79,12.29,51.67,10.65,2.32,8.40,1.09,6.09,1.10,3.36,0.41,2.86,0.47,6.12,2.34,44.07,23.00,6.11
2190,23,Pisani 1,7,25,one,20,030810pm,12.08,55.93,0.37,256,756,32.63,253,40.39,13.93,1226,63.06,113.26,12.94,54.40,9.25,2.43,8.82,1.08,7.10,1.29,4.33,0.44,3.48,0.49,5.01,2.18,41.24,23.02,6.21
2191,23,Pisani 1,7,25,one,20,030810pm,7.74,55.93,0.37,276,853,31.39,249,34.57,14.30,1430,61.99,100.60,12.50,46.67,10.49,2.49,6.48,1.24,5.05,1.26,2.71,0.38,2.24,0.40,4.37,2.50,43.90,20.82,4.91
2192,23,Pisani 1,7,25,one,20,030810pm,15.18,55.93,0.36,270,872,29.81,242,36.85,14.53,1444,61.79,107.89,12.05,47.81,8.79,2.36,8.40,0.97,5.50,0.97,3.46,0.49,2.76,0.39,5.16,2.10,44.39,22.25,5.61
2193,23,Pisani 1,7,25,one,20,030810pm,12.39,55.93,0.34,251,871,26.47,228,32.10,14.25,1482,55.32,104.67,11.62,43.56,9.03,1.77,6.54,0.72,6.18,1.05,2.13,0.43,2.57,0.49,5.23,1.64,42.67,19.97,5.27
2194,23,Pisani 1,7,25,one,20,030810pm,7.10,55.93,0.34,244,865,29.39,254,38.76,13.40,1507,67.59,108.97,13.50,50.56,8.79,1.77,5.99,1.18,5.43,1.34,4.41,0.54,2.58,0.41,5.05,2.09,65.44,24.91,6.54
2195,23,Pisani 1,7,25,one,20,030810pm,8.50,55.93,0.38,252,877,33.67,264,37.30,14.50,1449,66.44,115.03,14.38,58.11,10.05,2.46,8.92,0.95,6.06,1.23,3.76,0.36,3.18,0.63,5.78,2.12,78.89,24.10,6.37
2196,23,Pisani 1,7,25,one,20,030810pm,11.78,55.93,0.28,277,743,26.35,227,34.77,15.29,1299,54.61,96.25,11.65,45.29,7.02,1.51,7.95,0.90,3.98,0.92,2.69,1.30,2.82,0.32,4.78,1.69,44.28,21.22,5.78
2197,23,Pisani 1,7,25,one,20,030810pm,16.29,55.93,0.33,325,861,27.70,225,34.63,19.18,1481,62.65,116.72,13.34,50.02,8.87,2.31,7.31,0.96,6.03,0.90,2.58,0.45,2.89,0.42,5.12,2.19,,22.77,7.19
2198,23,Pisani 1,7,25,one,20,030810pm,16.65,55.93,0.38,287,901,28.08,244,37.99,16.24,1557,64.64,114.32,13.04,47.79,10.74,2.03,7.62,1.13,5.62,1.11,3.25,0.49,2.57,0.39,5.24,2.59,51.23,23.96,6.49
2199,23,Pisani 1,7,25,one,20,030810pm,15.50,55.93,0.37,253,929,37.40,254,34.14,13.96,1526,72.11,115.65,17.04,60.40,10.96,2.20,10.33,1.26,6.76,1.48,3.49,0.53,3.93,0.87,5.47,1.95,46.56,22.35,5.76
2200,23,Pisani 1,7,25,one,20,030810pm,12.13,55.93,0.41,260,867,28.82,227,32.96,14.35,1375,56.25,103.47,12.01,47.60,6.92,1.81,6.88,0.88,5.87,1.06,2.69,0.44,2.54,0.46,5.75,1.80,45.11,20.53,5.76
2201,23,Pisani 1,7,25,one,20,030810pm,8.83,55.93,0.27,339,754,26.15,218,34.04,16.24,1310,56.47,103.88,11.71,48.63,10.20,1.59,6.88,1.30,5.27,1.02,2.93,0.40,2.44,0.34,5.69,1.79,85.17,20.56,6.38
2202,19,Soccavo 4,8,4-1,one,20,040810am,11.50,59.09,0.18,286,986,25.01,246,46.86,15.44,2028,57.11,109.45,11.24,42.80,7.42,2.16,5.99,0.77,5.48,0.79,2.35,0.32,2.54,0.50,5.66,2.47,49.97,23.94,7.23
2203,19,Soccavo 4,8,4-1,one,20,040810am,8.75,59.09,0.20,365,660,28.18,278,39.46,20.41,1198,63.16,106.91,11.18,45.97,7.40,2.11,5.82,0.96,4.96,0.87,2.78,0.45,2.29,0.49,5.77,2.58,49.51,25.69,7.28
2204,19,Soccavo 4,8,4-1,one,20,040810am,11.92,59.09,0.28,308,697,29.06,284,44.31,17.81,1305,66.95,108.12,12.75,50.96,8.19,2.19,7.68,0.98,5.99,1.28,2.74,0.40,3.25,0.61,4.91,2.37,46.11,27.85,7.63
2205,19,Soccavo 4,8,4-1,one,20,040810am,9.38,59.09,0.23,290,668,28.21,273,37.54,17.24,1190,58.29,104.60,11.37,38.04,10.99,1.21,5.65,0.71,5.44,0.92,2.79,0.10,3.94,0.53,6.60,2.25,42.40,25.25,7.36
2206,19,Soccavo 4,8,4-1,one,20,040810am,10.02,59.09,0.21,351,722,28.90,288,42.83,17.88,1527,67.41,119.77,12.91,42.95,10.84,1.49,7.66,0.66,5.92,0.93,3.16,0.68,2.64,0.32,5.79,2.29,56.05,26.93,7.43
2207,19,Soccavo 4,8,4-1,one,20,040810am,12.27,59.09,0.18,310,706,28.27,275,41.24,18.18,1243,60.22,108.41,11.26,46.59,8.17,2.07,7.40,0.96,5.30,0.78,2.34,0.42,3.36,0.52,5.90,2.24,48.21,25.36,7.06
2208,19,Soccavo 4,8,4-1,one,20,040810am,13.22,59.09,0.27,301,640,28.47,287,42.69,18.37,1121,66.86,113.42,12.58,44.48,8.69,2.36,6.75,0.88,5.20,1.19,3.56,0.45,2.63,0.48,6.20,3.01,45.68,28.11,7.35
2209,19,Soccavo 4,8,4-1,one,20,040810am,13.80,59.09,0.20,316,658,30.55,304,44.60,17.31,1169,69.58,120.94,13.39,45.85,8.96,1.62,8.18,1.04,5.34,1.25,3.52,0.33,2.94,0.43,7.39,2.37,62.23,28.48,7.55
2210,19,Soccavo 4,8,4-1,one,20,040810am,15.51,59.09,0.22,300,774,28.54,288,43.06,16.85,1455,62.56,111.13,12.64,44.12,8.05,2.21,7.34,1.11,4.13,0.95,3.18,0.48,2.86,0.49,6.51,2.24,49.75,26.38,7.58
2211,19,Soccavo 4,8,4-1,one,20,040810am,11.94,59.09,0.20,296,792,33.11,305,41.67,17.36,1365,70.67,119.50,13.26,49.72,12.71,2.21,7.95,1.11,4.77,0.90,3.29,0.49,3.42,0.49,5.97,3.06,55.54,28.36,7.86
2212,19,Soccavo 4,8,4-1,one,20,040810am,14.31,59.09,0.20,309,721,26.30,267,41.30,19.29,1300,62.17,111.87,12.46,41.37,8.41,2.15,6.78,0.72,4.64,0.99,2.42,0.30,3.27,0.56,6.79,2.30,70.47,24.97,7.38
2213,19,Soccavo 4,8,4-1,one,20,040810am,8.27,59.09,0.16,294,777,32.45,305,44.31,17.54,1401,69.18,118.96,13.96,50.49,9.04,1.94,8.54,1.33,5.92,1.17,3.22,0.55,3.41,0.67,7.04,2.36,45.58,27.39,6.51
2214,19,Soccavo 4,8,4-1,one,20,040810am,10.55,59.09,0.30,294,693,27.17,266,41.37,18.01,1268,59.81,110.25,12.31,44.40,8.31,1.86,6.08,0.77,6.14,1.22,3.07,0.45,2.43,0.40,6.60,2.69,56.08,24.30,6.92
2215,19,Soccavo 4,8,4-1,one,20,040810am,10.89,59.09,0.18,314,695,27.08,268,40.64,17.12,1356,60.52,114.70,12.69,47.94,9.51,2.09,8.52,0.74,6.30,1.32,2.76,0.31,3.22,0.43,6.72,2.12,36.43,23.84,7.36
2216,16,Paleopisani 2,7,23,one,20,030810pm,11.22,54.94,0.34,293,922,28.68,232,33.04,16.04,1409,52.69,97.20,11.43,43.99,9.30,1.71,6.91,0.75,5.36,1.08,1.50,0.48,2.74,0.46,5.83,1.72,54.31,20.14,5.14
2217,16,Paleopisani 2,7,23,one,20,030810pm,19.67,55.28,0.36,257,940,27.02,232,35.13,14.00,1344,56.04,100.41,11.54,43.07,7.96,1.90,6.62,0.91,5.16,0.94,2.98,0.57,2.22,0.48,5.02,1.78,39.25,20.05,6.19
2218,16,Paleopisani 2,7,23,one,20,030810pm,10.62,55.44,0.31,271,833,26.03,213,30.37,14.25,1225,50.78,90.90,10.23,38.90,7.37,1.65,7.20,0.82,5.70,0.65,2.21,0.57,2.09,0.36,4.93,1.73,40.04,17.09,4.76
2219,16,Paleopisani 2,7,23,one,20,030810pm,10.03,54.43,0.31,255,829,24.01,185,28.38,14.14,1207,48.33,87.64,9.99,42.95,7.32,1.80,4.88,0.98,4.44,0.78,1.95,0.36,2.11,0.32,4.33,1.72,37.71,16.54,5.26
2220,16,Paleopisani 2,7,23,one,20,030810pm,15.87,54.76,0.35,274,986,27.30,233,37.02,15.83,1520,58.01,109.36,12.96,46.77,9.12,1.66,7.48,1.15,5.25,0.94,3.21,0.28,3.03,0.44,5.32,2.15,41.23,21.77,5.97
2221,16,Paleopisani 2,7,23,one,20,030810pm,20.08,54.82,0.32,255,901,25.73,223,34.77,13.84,1355,54.99,98.57,11.84,42.18,9.05,1.51,7.25,1.03,4.66,0.84,2.26,0.36,2.84,0.46,4.28,2.07,42.05,18.66,6.08
2222,16,Paleopisani 2,7,23,one,20,030810pm,12.86,55.12,0.31,275,858,26.29,223,35.06,14.87,1274,51.95,96.76,11.18,43.73,8.98,2.26,5.70,0.78,5.84,1.09,2.31,0.34,3.07,0.44,5.32,2.08,37.68,18.65,5.11
2223,16,Paleopisani 2,7,23,one,20,030810pm,13.44,55.19,0.36,250,881,25.51,218,34.88,14.30,1307,53.83,96.29,11.73,42.71,8.75,1.92,7.24,1.00,4.58,1.06,2.91,0.30,2.53,0.36,5.67,2.02,38.72,20.10,5.40
2224,16,Paleopisani 2,7,23,one,20,030810pm,4.89,55.02,0.39,273,806,22.77,193,31.50,13.31,1118,45.32,81.61,9.72,36.67,9.86,1.42,4.69,1.04,5.39,0.48,3.72,0.50,2.06,0.52,6.24,1.36,36.45,17.68,5.11
2225,16,Paleopisani 2,7,23,one,20,030810pm,16.15,54.84,0.30,263,839,29.43,271,39.66,14.86,1268,52.49,97.48,11.32,42.25,6.79,2.24,6.83,0.92,5.76,1.13,2.59,0.54,2.63,0.48,5.65,2.00,45.48,21.81,7.38
2226,16,Paleopisani 2,7,23,one,20,030810pm,15.64,54.78,0.38,261,905,29.71,236,33.61,14.87,1329,55.61,94.22,11.81,42.29,8.98,1.97,7.83,1.08,4.65,0.91,2.57,0.41,2.62,0.39,4.83,2.00,40.96,18.45,5.42
2227,16,Paleopisani 2,7,23,one,20,030810pm,5.43,54.98,0.39,263,895,27.83,225,31.79,13.19,1320,53.71,98.70,10.81,42.15,9.26,1.77,9.61,1.03,7.95,1.02,2.05,0.52,2.63,0.36,5.86,1.71,39.37,21.36,6.08
2228,16,Paleopisani 2,7,23,one,20,030810pm,7.10,55.70,0.38,255,939,27.54,230,33.33,12.41,1476,52.59,100.95,11.97,45.62,9.19,2.05,9.13,0.80,4.71,1.48,2.99,0.83,4.04,0.47,4.92,2.21,36.35,19.87,6.07
2229,16,Paleopisani 2,7,23,one,20,030810pm,13.88,54.95,0.30,242,871,26.50,213,33.55,13.82,1317,54.97,99.72,12.05,46.10,6.73,2.38,6.37,1.02,5.09,1.10,3.62,0.48,2.35,0.39,4.66,1.75,44.42,18.83,5.94
2230,16,Paleopisani 2,7,23,one,20,030810pm,11.22,54.94,0.34,293,922,28.68,232,33.04,16.04,1409,52.69,97.20,11.43,43.99,9.30,1.71,6.91,0.75,5.36,1.08,1.50,0.48,2.74,0.46,5.83,1.72,54.31,20.14,5.14
2231,16,Paleopisani 2,7,23,one,20,030810pm,19.67,55.28,0.36,257,940,27.02,232,35.13,14.00,1344,56.04,100.41,11.54,43.07,7.96,1.90,6.62,0.91,5.16,0.94,2.98,0.57,2.22,0.48,5.02,1.78,39.25,20.05,6.19
2232,16,Paleopisani 2,7,23,one,20,030810pm,10.62,55.44,0.31,271,833,26.03,213,30.37,14.25,1225,50.78,90.90,10.23,38.90,7.37,1.65,7.20,0.82,5.70,0.65,2.21,0.57,2.09,0.36,4.93,1.73,40.04,17.09,4.76
2233,16,Paleopisani 2,7,23,one,20,030810pm,10.03,54.43,0.31,255,829,24.01,185,28.38,14.14,1207,48.33,87.64,9.99,42.95,7.32,1.80,4.88,0.98,4.44,0.78,1.95,0.36,2.11,0.32,4.33,1.72,37.71,16.54,5.26
2234,14,PP,9,2-2,one,20,040810am,12.80,58.06,0.20,256,666,22.67,224,34.28,15.05,1262,53.84,95.25,10.61,39.74,7.14,1.80,6.27,0.83,5.12,0.65,2.29,0.43,2.20,0.49,5.00,1.58,46.73,22.05,6.58
2235,14,PP,9,2-2,one,20,040810am,7.20,58.06,0.16,301,744,24.04,241,41.37,17.13,1438,55.14,97.56,11.54,43.60,7.96,2.50,5.73,0.94,4.84,0.66,3.03,0.50,2.28,0.33,4.24,2.40,38.19,22.20,6.85
2236,14,PP,9,2-2,one,20,040810am,10.60,58.06,0.28,328,789,25.70,266,39.97,19.07,1516,61.40,112.05,12.82,44.66,8.76,1.27,7.24,0.67,5.65,1.11,1.85,0.42,2.31,0.31,4.22,1.78,56.08,23.02,7.61
2237,14,PP,9,2-2,one,20,040810am,11.86,58.06,0.18,334,739,25.34,247,39.89,18.54,1462,63.23,115.04,11.89,45.95,9.65,2.22,6.91,0.67,4.74,0.95,2.06,0.27,2.58,0.45,6.47,2.61,56.72,25.39,7.47
2238,14,PP,9,2-2,one,20,040810am,14.26,58.06,0.19,342,776,24.73,265,43.35,20.63,1574,61.32,114.33,12.19,48.14,8.87,1.96,7.53,0.94,4.20,0.92,2.18,0.15,2.24,0.39,5.38,2.52,53.97,25.16,7.55
2239,14,PP,9,2-2,one,20,040810am,13.20,58.06,0.19,315,689,23.78,231,38.76,17.86,1309,54.26,100.93,10.80,43.56,8.33,2.51,6.48,0.85,4.18,0.92,1.65,0.30,2.70,0.53,5.45,1.96,54.84,23.79,7.92
2240,14,PP,9,2-2,one,20,040810am,18.02,58.06,0.25,347,825,26.32,256,41.14,19.16,1622,60.88,111.62,11.94,43.92,8.39,1.91,7.54,0.77,5.63,1.06,2.27,0.41,2.40,0.43,6.37,2.08,49.65,25.07,7.58
2241,14,PP,9,2-2,one,20,040810am,14.02,58.06,0.22,306,754,25.44,248,40.40,16.59,1523,58.86,114.45,12.45,49.15,7.46,1.48,6.04,0.89,5.36,0.73,1.98,0.47,2.17,0.38,4.96,2.05,55.65,25.66,7.76
2242,14,PP,9,2-2,one,20,040810am,8.11,58.06,-0.07,306,751,26.06,264,41.64,17.73,1512,61.71,120.28,12.14,42.81,7.82,1.53,7.19,1.08,4.50,0.78,2.51,0.37,3.19,0.57,6.92,2.40,52.96,25.26,7.99
2243,14,PP,9,2-2,one,20,040810am,9.44,58.06,0.22,303,816,29.28,281,41.18,18.63,1523,61.86,112.11,12.90,50.62,9.95,2.57,7.70,1.02,6.84,1.28,2.93,0.66,3.48,0.26,6.87,2.39,52.12,27.44,7.92
2244,14,PP,9,2-2,one,20,040810am,5.76,58.06,0.33,321,733,25.36,266,38.99,17.88,1444,56.76,117.01,12.67,49.72,9.86,1.36,6.15,1.05,4.96,0.93,1.89,0.35,2.94,0.45,6.55,2.44,65.89,25.82,6.66
2245,14,PP,9,2-2,one,20,040810am,5.27,58.06,0.21,336,715,27.48,255,39.80,19.30,1370,57.55,111.59,11.76,50.82,9.07,3.60,6.86,1.28,5.94,1.37,1.39,0.63,2.02,0.30,5.37,1.96,72.30,24.55,7.75
2246,14,PP,9,2-2,one,20,040810am,10.22,58.06,0.20,330,684,26.22,235,37.26,20.48,1302,56.75,94.54,10.59,44.42,7.83,0.89,6.29,0.78,4.81,0.76,2.54,0.37,2.40,0.49,4.60,1.78,65.90,22.11,7.61
2247,14,PP,9,2-2,one,20,040810am,9.18,58.06,0.24,330,739,27.24,269,39.63,21.10,1392,59.87,108.24,11.79,47.49,8.44,1.81,7.31,0.72,6.74,0.84,2.68,0.18,2.35,0.39,5.95,2.17,50.39,25.15,8.07
2248,14,PP,9,2-2,one,20,040810am,11.52,58.06,0.21,312,793,29.93,264,41.00,17.34,1496,60.80,113.24,13.37,43.64,8.84,2.00,7.03,0.54,5.46,1.25,1.48,0.19,2.49,0.34,5.78,2.43,50.44,26.04,7.61
2249,14,PP,9,2-2,one,20,040810am,13.79,58.06,0.25,352,758,27.10,258,43.22,20.56,1479,61.68,113.50,12.32,45.19,9.82,1.89,6.06,0.92,4.79,1.03,3.16,0.32,2.47,0.58,5.83,2.23,60.58,24.14,7.93
2250,14,PP,9,6,one,20,030810am,17.41,58.06,0.30,359,888,31.56,327,51.10,22.04,1564,80.03,132.40,15.16,57.04,9.32,2.23,7.83,1.26,6.89,1.17,3.36,0.59,3.08,0.39,7.85,3.08,59.48,35.95,9.88
2251,14,PP,9,6,one,20,030810am,13.56,58.06,0.30,366,798,28.93,301,47.19,20.60,1363,73.12,117.17,12.97,48.82,9.11,2.16,8.05,0.96,6.31,1.22,2.86,0.32,3.05,0.43,6.39,2.56,62.41,30.58,8.51
2252,14,PP,9,6,one,20,030810am,14.79,58.06,0.32,309,914,31.63,299,44.92,17.61,1741,72.97,122.96,13.96,50.08,8.96,2.64,7.86,1.03,5.99,1.07,3.29,0.55,3.52,0.43,6.30,2.77,57.16,32.57,9.10
2253,14,PP,9,6,one,20,030810am,8.53,58.06,0.31,341,865,27.03,271,44.21,18.54,1739,66.32,117.63,13.63,50.64,7.72,2.12,7.63,1.01,5.52,1.15,2.93,0.56,2.59,0.47,5.73,2.25,55.25,28.91,8.48
2254,14,PP,9,6,one,20,030810am,8.72,58.06,0.32,336,866,28.87,294,44.27,19.03,1618,71.87,116.53,13.04,48.01,10.46,1.89,8.94,0.96,5.77,1.31,3.41,0.52,2.58,0.47,6.70,2.41,63.33,28.28,8.09
2255,14,PP,9,6,one,20,030810am,12.98,58.06,0.30,336,886,27.92,266,45.83,19.16,1698,68.78,117.13,13.26,49.80,8.82,1.84,7.75,0.90,5.88,1.19,2.54,0.36,2.22,0.44,6.00,2.56,56.11,27.75,8.29
2256,14,PP,9,6,one,20,030810am,13.08,58.06,0.30,310,1056,28.74,284,43.28,17.43,1925,64.58,110.78,12.53,46.20,7.11,2.27,7.12,0.74,5.31,0.98,2.75,0.28,2.76,0.43,5.99,2.63,49.06,28.34,7.92
2257,14,PP,9,6,one,20,030810am,7.35,58.06,0.31,328,861,32.94,302,43.88,18.10,1576,68.90,110.76,13.55,53.24,8.33,2.06,9.14,0.99,6.28,1.17,3.29,0.40,3.87,0.33,5.97,2.32,49.21,29.22,14.12
2258,14,PP,9,6,one,20,030810am,7.16,58.06,0.25,350,920,34.28,331,46.86,20.66,1836,78.89,128.09,15.64,55.13,12.07,2.58,9.19,1.27,7.63,1.72,3.30,0.37,3.31,0.57,8.45,3.42,66.51,36.59,9.79
2259,14,PP,9,6,one,20,030810am,5.24,58.06,0.31,352,791,29.17,260,38.67,20.17,1503,64.71,98.14,13.33,44.16,7.33,1.73,7.00,1.33,6.58,1.19,3.19,0.44,2.77,0.42,7.14,2.30,58.58,27.93,7.12
2260,14,PP,9,6,one,20,030810am,2.87,58.06,0.12,304,883,30.68,285,38.01,16.10,1589,64.21,97.31,11.85,37.31,8.55,2.47,8.94,0.49,8.63,0.95,2.83,1.26,2.51,,2.77,1.83,46.38,22.05,5.40
2261,14,PP,9,6,one,20,030810am,17.78,58.06,0.30,318,861,27.75,275,42.76,17.43,1638,65.26,110.37,12.97,46.43,8.73,2.00,7.02,0.97,4.83,1.01,2.61,0.37,2.84,0.40,6.17,2.34,63.50,27.73,8.37
2262,14,PP,9,6,one,20,030810am,10.65,58.06,0.29,352,853,27.31,274,57.61,20.82,1669,67.59,119.84,13.01,48.91,10.03,2.38,7.52,0.90,5.10,0.88,3.16,0.46,2.59,0.32,7.23,2.36,99.44,28.52,8.56
2263,12,Soccavo 1,8,7,one,20,040810pm,6.77,58.70,0.02,327,607,25.90,275,41.72,17.11,953,63.57,115.81,12.40,44.46,7.31,2.34,8.14,1.32,3.85,1.33,1.54,0.21,2.75,0.45,5.14,2.42,68.03,26.49,8.18
2264,12,Soccavo 1,8,7,one,20,040810pm,15.47,58.70,0.18,381,750,25.57,276,44.19,20.15,1489,62.50,120.17,13.27,46.29,9.67,2.19,7.59,0.84,3.84,1.39,4.57,0.55,2.67,0.41,5.80,2.45,61.38,27.07,9.81
2265,12,Soccavo 1,8,7,one,20,040810pm,12.23,58.70,0.15,373,803,27.48,280,45.93,21.01,1720,65.09,122.19,13.67,47.17,11.16,2.09,7.20,0.73,4.90,1.14,2.73,0.37,2.26,0.33,6.50,2.46,54.63,27.77,8.50
2266,12,Soccavo 1,8,7,one,20,040810pm,10.28,58.70,0.15,377,654,23.97,253,42.55,21.66,1201,61.08,115.95,12.84,39.65,8.69,1.95,5.62,0.83,4.88,0.97,2.42,0.23,2.73,0.01,5.32,2.24,69.05,27.91,8.15
2267,12,Soccavo 1,8,7,one,20,040810pm,5.69,58.70,-0.01,293,607,27.82,305,42.44,19.23,1223,58.69,103.62,12.25,40.09,8.81,3.09,5.77,0.80,4.24,0.97,1.57,0.41,1.68,0.54,6.60,1.46,50.24,26.99,6.78
2268,12,Soccavo 1,8,7,one,20,040810pm,13.85,58.70,0.17,312,617,23.67,276,40.44,19.44,1170,58.10,101.18,11.42,38.93,6.30,2.18,6.68,1.06,4.75,1.17,1.93,0.48,2.00,0.49,6.59,2.38,54.48,26.90,7.59
2269,12,Soccavo 1,8,7,one,20,040810pm,19.06,58.70,0.20,313,729,26.78,296,46.10,20.56,1493,61.50,116.42,12.79,46.92,8.22,2.31,8.38,0.82,5.71,1.14,3.13,0.52,2.95,0.36,6.82,2.59,60.31,29.80,8.63
2270,12,Soccavo 1,8,7,one,20,040810pm,12.21,58.70,0.16,363,870,39.24,307,53.56,21.23,1594,92.54,160.28,19.64,76.05,15.22,3.40,13.54,1.12,7.63,1.35,4.69,0.87,2.81,0.50,7.71,3.28,57.06,34.09,10.20
2271,12,Soccavo 1,8,7,one,20,040810pm,11.31,58.70,0.16,301,630,26.39,301,44.48,17.98,1181,59.83,106.16,11.39,43.28,9.24,2.12,6.83,0.94,4.01,1.03,2.29,0.54,2.71,0.37,7.42,2.42,54.54,28.98,7.89
2272,12,Soccavo 1,8,7,one,20,040810pm,8.97,58.70,0.23,375,687,27.93,332,50.67,22.06,1361,69.46,112.37,15.53,52.36,14.22,3.18,8.61,1.38,3.45,1.34,3.09,0.24,4.01,0.20,8.12,2.93,65.70,29.77,8.46
2273,12,Soccavo 1,8,7,one,20,040810pm,7.99,58.70,0.14,336,759,27.45,270,42.81,20.79,1280,64.21,107.57,12.65,50.24,8.30,1.67,9.02,0.77,4.39,0.90,2.69,0.69,2.73,0.35,4.83,3.26,67.31,25.67,7.41
2274,12,Soccavo 1,8,7,one,20,040810pm,16.21,58.70,0.15,377,643,26.13,280,43.45,24.28,1055,67.53,121.45,12.39,49.78,8.57,1.71,9.08,0.96,5.77,0.78,3.09,0.68,2.68,0.34,7.36,2.31,66.75,29.03,8.12
2275,12,Soccavo 1,8,7,one,20,040810pm,8.87,58.70,0.11,352,721,27.44,270,42.52,19.04,1239,65.04,119.79,13.44,50.42,10.65,2.69,7.88,1.18,7.64,1.13,2.82,0.15,2.80,0.54,5.77,2.71,59.85,27.07,8.94
2276,12,Soccavo 1,8,7,one,20,040810pm,5.26,58.70,0.19,307,583,27.78,296,42.79,17.68,1172,58.13,104.76,11.64,35.89,9.99,2.57,8.28,1.08,1.40,0.60,3.15,0.27,2.11,0.02,7.89,1.69,54.05,25.72,8.04
2277,12,Soccavo 1,8,7,one,20,040810pm,19.61,58.70,0.25,323,992,32.55,283,43.41,16.13,1639,75.47,130.35,15.24,62.27,11.59,2.49,11.53,1.65,6.86,1.43,3.68,0.41,3.30,0.58,6.48,2.43,52.10,30.40,8.19
2278,12,Soccavo 1,8,7,one,20,040810pm,17.17,58.70,0.21,340,932,29.19,299,48.85,18.99,1854,69.90,126.84,13.61,54.80,10.04,2.06,7.89,1.02,7.22,1.41,2.81,0.39,3.35,0.38,6.59,2.93,52.37,29.47,9.18
2279,12,Soccavo 1,8,7,one,20,040810pm,9.45,58.70,0.25,391,727,28.71,294,47.46,17.19,1398,61.35,120.46,11.73,48.39,8.27,2.46,8.16,1.36,4.54,1.08,2.58,0.63,2.38,0.66,6.91,2.35,50.99,42.19,8.09
2280,12,Soccavo 1,8,7,one,20,040810pm,12.05,58.70,0.16,358,804,27.59,271,46.84,17.21,1504,66.36,127.21,13.20,53.95,10.69,2.58,6.63,0.68,5.96,1.17,1.83,0.73,2.07,0.44,5.57,2.85,57.78,29.26,9.66
2281,12,Soccavo 1,8,7,one,20,040810pm,9.96,58.70,0.30,406,603,24.12,295,44.48,22.62,1136,64.43,105.46,12.75,56.75,13.08,2.07,6.40,0.78,3.95,1.07,2.36,0.66,2.79,0.30,7.75,2.51,43.79,25.33,7.09
2282,12,Soccavo 1,8,7,one,20,040810pm,29.81,58.70,0.20,328,722,28.98,296,50.76,20.07,1145,74.43,135.85,14.87,53.79,9.41,2.44,7.65,0.95,5.83,0.99,3.30,0.44,2.84,0.41,7.36,2.81,59.68,32.59,9.77
2283,12,Soccavo 1,8,7,one,20,040810pm,10.62,58.70,0.27,334,810,26.45,254,41.49,17.69,1544,61.11,119.46,11.97,48.22,9.36,1.80,8.38,1.24,5.97,0.95,3.04,0.14,2.04,0.30,6.45,2.05,53.78,26.46,8.30
2284,12,Soccavo 1,8,7,one,20,040810pm,10.67,58.70,0.22,351,747,25.27,277,46.03,19.73,1264,64.83,117.98,11.92,50.07,10.28,2.97,6.18,0.80,4.94,0.84,2.60,0.52,2.57,0.41,6.10,2.72,55.02,27.73,8.76